lambda_filter,lambda_anti_filter,lambda_ewc,plasticity,stability,p1,p2,p1_null,p2_null,p1_range,p2_range,p1_embedding,p2_embedding,p1_embedding_null,p2_embedding_null,p1_embedding_range,p2_embedding_range
0.34375,0.1875,0.0,0.6815470067887266,0.6941039112667834,0.15499488,0.48856243,0.12087193,0.4008184,0.093170166,0.32911095,2.6984527,0.9944317,2.0507808,0.7499368,1.8168817,0.6429104
