lambda_filter,lambda_anti_filter,lambda_ewc,plasticity,stability,p1,p2,p1_null,p2_null,p1_range,p2_range,p1_embedding,p2_embedding,p1_embedding_null,p2_embedding_null,p1_embedding_range,p2_embedding_range
0.84375,0.21875,0.0,0.695535897963382,0.7178439385094376,0.28956872,0.877098,0.2831279,0.8443306,0.0903314,0.27464756,2.9810386,1.0878855,2.610476,0.95555013,1.4692861,0.5082691
