lambda_filter,lambda_anti_filter,lambda_ewc,plasticity,stability,p1,p2,p1_null,p2_null,p1_range,p2_range,p1_embedding,p2_embedding,p1_embedding_null,p2_embedding_null,p1_embedding_range,p2_embedding_range
0.8125,0.125,0.0,0.6936844270726188,0.7460595446584939,0.28628772,0.8794499,0.2859411,0.8675255,0.05182555,0.16364653,2.9545934,1.0751469,2.773538,1.0227444,0.948036,0.32483923
