lambda_filter,lambda_anti_filter,lambda_ewc,plasticity,stability,p1,p2,p1_null,p2_null,p1_range,p2_range,p1_embedding,p2_embedding,p1_embedding_null,p2_embedding_null,p1_embedding_range,p2_embedding_range
0.53125,0.21875,0.0,0.6858671055338408,0.6999416228838296,0.18846253,0.6434927,0.17503326,0.57763565,0.10047813,0.33412012,2.858903,1.0500369,2.293081,0.8401535,1.7658608,0.6175125
