lambda_filter,lambda_anti_filter,lambda_ewc,plasticity,stability,p1,p2,p1_null,p2_null,p1_range,p2_range,p1_embedding,p2_embedding,p1_embedding_null,p2_embedding_null,p1_embedding_range,p2_embedding_range
0.65625,0.6875,0.0,0.6992388397449084,0.6308620354154505,0.34549838,0.8943606,0.17369092,0.5597274,0.29094377,0.7598837,3.1473837,1.2185769,1.8289132,0.643927,2.7683125,1.014585
