lambda_filter,lambda_anti_filter,lambda_ewc,plasticity,stability,p1,p2,p1_null,p2_null,p1_range,p2_range,p1_embedding,p2_embedding,p1_embedding_null,p2_embedding_null,p1_embedding_range,p2_embedding_range
0.1875,0.875,0.0,0.6903929232668176,0.5656742556917689,0.39628106,0.97842854,0.0680285,0.20128144,0.3850457,0.97140694,3.5003269,1.3866066,0.858234,0.2921843,3.5093575,1.3510207
