lambda_filter,lambda_anti_filter,lambda_ewc,plasticity,stability,p1,p2,p1_null,p2_null,p1_range,p2_range,p1_embedding,p2_embedding,p1_embedding_null,p2_embedding_null,p1_embedding_range,p2_embedding_range
0.0,0.3125,0.0,0.6558321333059042,0.5343452033469547,0.15596244,0.5168436,3.8312282e-06,6.826684e-06,0.1559632,0.5168436,3.5984638,1.4533914,1.2266548e-05,4.40548e-06,3.598463,1.4533914
