lambda_filter,lambda_anti_filter,lambda_ewc,plasticity,stability,p1,p2,p1_null,p2_null,p1_range,p2_range,p1_embedding,p2_embedding,p1_embedding_null,p2_embedding_null,p1_embedding_range,p2_embedding_range
0.21875,0.34375,0.0,0.674963999177124,0.6293053123175715,0.17781357,0.5574682,0.082530506,0.2501326,0.16357808,0.5287943,2.9771285,1.1464595,1.4436249,0.50777304,2.727092,1.0216943
