lambda_filter,lambda_anti_filter,lambda_ewc,plasticity,stability,p1,p2,p1_null,p2_null,p1_range,p2_range,p1_embedding,p2_embedding,p1_embedding_null,p2_embedding_null,p1_embedding_range,p2_embedding_range
0.3125,0.875,0.0,0.6986216827813208,0.5818252578322631,0.40042335,0.9748173,0.096498996,0.29698023,0.3802496,0.9545351,3.3675203,1.3267732,1.1803007,0.40493453,3.307956,1.2549496
