lambda_filter,lambda_anti_filter,lambda_ewc,plasticity,stability,p1,p2,p1_null,p2_null,p1_range,p2_range,p1_embedding,p2_embedding,p1_embedding_null,p2_embedding_null,p1_embedding_range,p2_embedding_range
0.3125,0.03125,0.0,0.668586710553384,0.763961860284102,0.13820387,0.44552535,0.13943122,0.4413014,0.02005209,0.070509575,2.3658295,0.8908667,2.3324797,0.87944555,0.41553333,0.14078109
