lambda_filter,lambda_anti_filter,lambda_ewc,plasticity,stability,p1,p2,p1_null,p2_null,p1_range,p2_range,p1_embedding,p2_embedding,p1_embedding_null,p2_embedding_null,p1_embedding_range,p2_embedding_range
0.71875,0.65625,0.0,0.699444558732771,0.6392294220665499,0.33797124,0.8963123,0.1949416,0.6116181,0.27500013,0.7234702,3.1363978,1.2078681,1.9183028,0.6783637,2.684197,0.9779233
