lambda_filter,lambda_anti_filter,lambda_ewc,plasticity,stability,p1,p2,p1_null,p2_null,p1_range,p2_range,p1_embedding,p2_embedding,p1_embedding_null,p2_embedding_null,p1_embedding_range,p2_embedding_range
0.25,0.40625,0.0,0.6836041966673524,0.6236621910877602,0.20764248,0.6181553,0.08980102,0.27515882,0.19024648,0.58661276,3.057365,1.1827298,1.4456896,0.5067237,2.83713,1.0615234
