lambda_filter,lambda_anti_filter,lambda_ewc,plasticity,stability,p1,p2,p1_null,p2_null,p1_range,p2_range,p1_embedding,p2_embedding,p1_embedding_null,p2_embedding_null,p1_embedding_range,p2_embedding_range
0.09375,0.46875,0.0,0.6640608928204074,0.575987546215217,0.22578084,0.6654725,0.040307254,0.11799712,0.22022994,0.6620884,3.409786,1.3411915,0.6876905,0.23561212,3.4292269,1.3190157
