lambda_filter,lambda_anti_filter,lambda_ewc,plasticity,stability,p1,p2,p1_null,p2_null,p1_range,p2_range,p1_embedding,p2_embedding,p1_embedding_null,p2_embedding_null,p1_embedding_range,p2_embedding_range
1.0,0.8125,0.0,0.7017074675992594,0.6446779529091263,0.4168839,1.0485938,0.26353377,0.76826006,0.31443074,0.7903599,3.1918504,1.2336608,2.0441308,0.7234743,2.6770294,0.9732459
