lambda_filter,lambda_anti_filter,lambda_ewc,plasticity,stability,p1,p2,p1_null,p2_null,p1_range,p2_range,p1_embedding,p2_embedding,p1_embedding_null,p2_embedding_null,p1_embedding_range,p2_embedding_range
0.9375,0.34375,0.0,0.6984159637934582,0.6956606343646624,0.30965778,0.9267389,0.29581976,0.86233103,0.13787578,0.3961237,3.0553749,1.1276678,2.4730132,0.8972821,1.9017292,0.66559136
