lambda_filter,lambda_anti_filter,lambda_ewc,plasticity,stability,p1,p2,p1_null,p2_null,p1_range,p2_range,p1_embedding,p2_embedding,p1_embedding_null,p2_embedding_null,p1_embedding_range,p2_embedding_range
0.96875,0.6875,0.0,0.7002674346842214,0.6516832068495816,0.38157457,0.99688584,0.2653802,0.7792566,0.27052116,0.70060617,3.1610212,1.2103194,2.1114445,0.751193,2.5601227,0.9237943
