lambda_filter,lambda_anti_filter,lambda_ewc,plasticity,stability,p1,p2,p1_null,p2_null,p1_range,p2_range,p1_embedding,p2_embedding,p1_embedding_null,p2_embedding_null,p1_embedding_range,p2_embedding_range
0.5,0.59375,0.0,0.6982102448055956,0.627164818057988,0.30053166,0.803081,0.13798714,0.4598024,0.26188678,0.71275955,3.1267982,1.2086577,1.7219743,0.6053633,2.7977583,1.030269
