lambda_filter,lambda_anti_filter,lambda_ewc,plasticity,stability,p1,p2,p1_null,p2_null,p1_range,p2_range,p1_embedding,p2_embedding,p1_embedding_null,p2_embedding_null,p1_embedding_range,p2_embedding_range
0.5,0.0,0.0,0.681341287800864,0.7777777777777778,0.21202438,0.68644404,0.21202442,0.68644404,4.1536987e-06,7.3547567e-06,2.7887142,1.0527388,2.7887127,1.0527388,9.680002e-06,3.5681705e-06
