lambda_filter,lambda_anti_filter,lambda_ewc,plasticity,stability,p1,p2,p1_null,p2_null,p1_range,p2_range,p1_embedding,p2_embedding,p1_embedding_null,p2_embedding_null,p1_embedding_range,p2_embedding_range
0.8125,0.96875,0.0,0.70335321950216,0.6201595641175326,0.4581525,1.0703992,0.20358329,0.6118231,0.38402662,0.9357444,3.2388127,1.2676318,1.7986774,0.6283194,2.9170253,1.0785615
