lambda_filter,lambda_anti_filter,lambda_ewc,plasticity,stability,p1,p2,p1_null,p2_null,p1_range,p2_range,p1_embedding,p2_embedding,p1_embedding_null,p2_embedding_null,p1_embedding_range,p2_embedding_range
0.75,0.0,0.0,0.6918329561818556,0.7777777777777778,0.28247875,0.8953423,0.28247863,0.8953423,3.9422885e-06,7.030647e-06,3.0083284,1.1225566,3.008329,1.1225566,1.0706336e-05,4.008946e-06
