lambda_filter,lambda_anti_filter,lambda_ewc,plasticity,stability,p1,p2,p1_null,p2_null,p1_range,p2_range,p1_embedding,p2_embedding,p1_embedding_null,p2_embedding_null,p1_embedding_range,p2_embedding_range
0.59375,0.71875,0.0,0.699444558732771,0.6250243237984043,0.3531925,0.8978693,0.15296862,0.50887156,0.3067157,0.79539317,3.164498,1.2311012,1.7344537,0.6078754,2.8545237,1.0524274
