lambda_filter,lambda_anti_filter,lambda_ewc,plasticity,stability,p1,p2,p1_null,p2_null,p1_range,p2_range,p1_embedding,p2_embedding,p1_embedding_null,p2_embedding_null,p1_embedding_range,p2_embedding_range
0.625,0.3125,0.0,0.692655832133306,0.6826230784199261,0.21756968,0.72514695,0.19769806,0.6276839,0.13846476,0.42474845,2.981835,1.1014303,2.2304204,0.80955094,2.0694394,0.7305995
