lambda_filter,lambda_anti_filter,lambda_ewc,plasticity,stability,p1,p2,p1_null,p2_null,p1_range,p2_range,p1_embedding,p2_embedding,p1_embedding_null,p2_embedding_null,p1_embedding_range,p2_embedding_range
0.78125,0.40625,0.0,0.696564492902695,0.6750340533177661,0.27481616,0.8379588,0.23923203,0.7241107,0.17101789,0.49019083,3.0604954,1.1398547,2.2461925,0.81032586,2.2069118,0.7820853
