lambda_filter,lambda_anti_filter,lambda_ewc,plasticity,stability,p1,p2,p1_null,p2_null,p1_range,p2_range,p1_embedding,p2_embedding,p1_embedding_null,p2_embedding_null,p1_embedding_range,p2_embedding_range
0.9375,0.4375,0.0,0.6986216827813208,0.678342089900759,0.31934637,0.9303178,0.28415817,0.8298162,0.17549774,0.48958477,3.0923736,1.1530991,2.3418322,0.84465414,2.162515,0.7642352
