lambda_filter,lambda_anti_filter,lambda_ewc,plasticity,stability,p1,p2,p1_null,p2_null,p1_range,p2_range,p1_embedding,p2_embedding,p1_embedding_null,p2_embedding_null,p1_embedding_range,p2_embedding_range
0.9375,0.53125,0.0,0.6988274017691833,0.6668612570539015,0.33950835,0.94404846,0.27319625,0.80089504,0.21254376,0.5758309,3.121599,1.1765404,2.231583,0.8002989,2.3535612,0.839386
