lambda_filter,lambda_anti_filter,lambda_ewc,plasticity,stability,p1,p2,p1_null,p2_null,p1_range,p2_range,p1_embedding,p2_embedding,p1_embedding_null,p2_embedding_null,p1_embedding_range,p2_embedding_range
0.71875,0.84375,0.0,0.7027360625385723,0.6236621910877602,0.4084108,0.9904399,0.18232206,0.5736894,0.3460338,0.8654952,3.1984506,1.2484499,1.7830707,0.6240575,2.8755355,1.0604343
