lambda_filter,lambda_anti_filter,lambda_ewc,plasticity,stability,p1,p2,p1_null,p2_null,p1_range,p2_range,p1_embedding,p2_embedding,p1_embedding_null,p2_embedding_null,p1_embedding_range,p2_embedding_range
0.65625,1.0,0.0,0.7037646574778852,0.6086787312706752,0.4620157,1.0666028,0.15966043,0.50611424,0.4058358,0.9844396,3.2715166,1.286121,1.6317582,0.56589156,3.0455282,1.1363989
