lambda_filter,lambda_anti_filter,lambda_ewc,plasticity,stability,p1,p2,p1_null,p2_null,p1_range,p2_range,p1_embedding,p2_embedding,p1_embedding_null,p2_embedding_null,p1_embedding_range,p2_embedding_range
0.09375,0.96875,0.0,0.678872659946513,0.5364856976065382,0.42769247,1.0481921,0.03778788,0.10972088,0.42247954,1.0466691,3.7164962,1.502588,0.50705355,0.17103022,3.7705004,1.4912436
