lambda_filter,lambda_anti_filter,lambda_ewc,plasticity,stability,p1,p2,p1_null,p2_null,p1_range,p2_range,p1_embedding,p2_embedding,p1_embedding_null,p2_embedding_null,p1_embedding_range,p2_embedding_range
0.28125,0.5,0.0,0.6883357333881918,0.6133489005643121,0.25006372,0.69992524,0.09579029,0.29597414,0.2305266,0.66809297,3.1414008,1.2228073,1.4064755,0.4906986,2.9709837,1.1120588
