lambda_filter,lambda_anti_filter,lambda_ewc,plasticity,stability,p1,p2,p1_null,p2_null,p1_range,p2_range,p1_embedding,p2_embedding,p1_embedding_null,p2_embedding_null,p1_embedding_range,p2_embedding_range
0.96875,0.53125,0.0,0.6992388397449084,0.6686125705390153,0.34658036,0.95941824,0.2823966,0.82264304,0.21063651,0.56976265,3.125374,1.1771686,2.2572625,0.8099607,2.3328264,0.8310581
