lambda_filter,lambda_anti_filter,lambda_ewc,plasticity,stability,p1,p2,p1_null,p2_null,p1_range,p2_range,p1_embedding,p2_embedding,p1_embedding_null,p2_embedding_null,p1_embedding_range,p2_embedding_range
0.90625,0.8125,0.0,0.7015017486113968,0.6386456509048453,0.40717608,1.0203389,0.23715582,0.7066142,0.32138425,0.80799437,3.18609,1.2346594,1.9698874,0.6952004,2.7286148,0.9956408
