lambda_filter,lambda_anti_filter,lambda_ewc,plasticity,stability,p1,p2,p1_null,p2_null,p1_range,p2_range,p1_embedding,p2_embedding,p1_embedding_null,p2_embedding_null,p1_embedding_range,p2_embedding_range
0.59375,0.5,0.0,0.6961530549269698,0.6489589414282935,0.2686964,0.777675,0.16898397,0.551034,0.21896863,0.615268,3.0846593,1.1717496,1.9379034,0.68948364,2.5613077,0.9287057
