lambda_filter,lambda_anti_filter,lambda_ewc,plasticity,stability,p1,p2,p1_null,p2_null,p1_range,p2_range,p1_embedding,p2_embedding,p1_embedding_null,p2_embedding_null,p1_embedding_range,p2_embedding_range
0.65625,0.90625,0.0,0.7037646574778852,0.614905623662191,0.42800277,1.0144866,0.16264954,0.52085483,0.372852,0.9207947,3.2304027,1.2665143,1.6817209,0.58540416,2.973866,1.1041375
