lambda_filter,lambda_anti_filter,lambda_ewc,plasticity,stability,p1,p2,p1_null,p2_null,p1_range,p2_range,p1_embedding,p2_embedding,p1_embedding_null,p2_embedding_null,p1_embedding_range,p2_embedding_range
0.125,0.5,0.0,0.6687924295412466,0.5806577155088538,0.2412278,0.6927803,0.0509186,0.15152988,0.23363058,0.6870599,3.3670661,1.3217939,0.8251755,0.28369436,3.3708367,1.2888594
