lambda_filter,lambda_anti_filter,lambda_ewc,plasticity,stability,p1,p2,p1_null,p2_null,p1_range,p2_range,p1_embedding,p2_embedding,p1_embedding_null,p2_embedding_null,p1_embedding_range,p2_embedding_range
0.0,0.0625,0.0,0.6225056572721662,0.6876824284880327,0.050574638,0.15690899,1.9481173e-05,3.5502384e-05,0.05057422,0.15690899,1.5430647,0.5702133,1.3421327e-05,5.044187e-06,1.543063,0.5702133
