lambda_filter,lambda_anti_filter,lambda_ewc,plasticity,stability,p1,p2,p1_null,p2_null,p1_range,p2_range,p1_embedding,p2_embedding,p1_embedding_null,p2_embedding_null,p1_embedding_range,p2_embedding_range
0.0625,0.21875,0.0,0.6535692244394158,0.6230784199260556,0.11726487,0.40447447,0.031544704,0.082637504,0.1145425,0.40123048,2.7057636,1.0679736,0.78143835,0.27365243,2.6680245,1.0313927
