lambda_filter,lambda_anti_filter,lambda_ewc,plasticity,stability,p1,p2,p1_null,p2_null,p1_range,p2_range,p1_embedding,p2_embedding,p1_embedding_null,p2_embedding_null,p1_embedding_range,p2_embedding_range
0.6875,0.4375,0.0,0.695535897963382,0.6654991243432574,0.2584589,0.7945192,0.20535931,0.64131117,0.18855894,0.5393307,3.0649648,1.149072,2.1134503,0.758777,2.3581529,0.8432581
