lambda_filter,lambda_anti_filter,lambda_ewc,plasticity,stability,p1,p2,p1_null,p2_null,p1_range,p2_range,p1_embedding,p2_embedding,p1_embedding_null,p2_embedding_null,p1_embedding_range,p2_embedding_range
0.625,0.84375,0.0,0.7025303435507098,0.6174352986962444,0.4030125,0.9750442,0.15577757,0.51004416,0.35211322,0.8822593,3.209415,1.2562388,1.6844292,0.58727425,2.9465542,1.0921025
