lambda_filter,lambda_anti_filter,lambda_ewc,plasticity,stability,p1,p2,p1_null,p2_null,p1_range,p2_range,p1_embedding,p2_embedding,p1_embedding_null,p2_embedding_null,p1_embedding_range,p2_embedding_range
0.625,0.03125,0.0,0.6864842624974286,0.7676590776415645,0.23504229,0.7768249,0.23581395,0.77555513,0.01438511,0.049447272,2.8784993,1.067797,2.8397577,1.0628426,0.29853055,0.10125143
