lambda_filter,lambda_anti_filter,lambda_ewc,plasticity,stability,p1,p2,p1_null,p2_null,p1_range,p2_range,p1_embedding,p2_embedding,p1_embedding_null,p2_embedding_null,p1_embedding_range,p2_embedding_range
0.21875,0.625,0.0,0.6871014194610162,0.5884413309982487,0.2991574,0.7954916,0.07763726,0.23688763,0.28510636,0.7811695,3.3192391,1.3005497,1.0909109,0.37608653,3.2739627,1.2397392
