lambda_filter,lambda_anti_filter,lambda_ewc,plasticity,stability,p1,p2,p1_null,p2_null,p1_range,p2_range,p1_embedding,p2_embedding,p1_embedding_null,p2_embedding_null,p1_embedding_range,p2_embedding_range
0.40625,0.9375,0.0,0.7021189055749846,0.5886359213854836,0.42596337,1.0158242,0.113798305,0.35504386,0.39865673,0.98350734,3.333158,1.313893,1.32904,0.45705476,3.231094,1.2203504
