lambda_filter,lambda_anti_filter,lambda_ewc,plasticity,stability,p1,p2,p1_null,p2_null,p1_range,p2_range,p1_embedding,p2_embedding,p1_embedding_null,p2_embedding_null,p1_embedding_range,p2_embedding_range
0.53125,0.6875,0.0,0.699444558732771,0.622494648764351,0.33830616,0.86769456,0.14072224,0.46865395,0.29792392,0.7823171,3.161976,1.2303871,1.6809391,0.5884361,2.8796532,1.0641669
