lambda_filter,lambda_anti_filter,lambda_ewc,plasticity,stability,p1,p2,p1_null,p2_null,p1_range,p2_range,p1_embedding,p2_embedding,p1_embedding_null,p2_embedding_null,p1_embedding_range,p2_embedding_range
0.875,0.6875,0.0,0.7006788726599465,0.6460400856197703,0.36145777,0.9619206,0.23842949,0.7152673,0.27696225,0.71855253,3.1522818,1.210639,2.0344326,0.7219146,2.6162658,0.94772685
