lambda_filter,lambda_anti_filter,lambda_ewc,plasticity,stability,p1,p2,p1_null,p2_null,p1_range,p2_range,p1_embedding,p2_embedding,p1_embedding_null,p2_embedding_null,p1_embedding_range,p2_embedding_range
0.25,0.59375,0.0,0.6895700473153672,0.5962249464876435,0.28775364,0.77192616,0.08626668,0.26446846,0.27120042,0.7517602,3.254475,1.2740161,1.2150879,0.42062855,3.1732085,1.1961569
