lambda_filter,lambda_anti_filter,lambda_ewc,plasticity,stability,p1,p2,p1_null,p2_null,p1_range,p2_range,p1_embedding,p2_embedding,p1_embedding_null,p2_embedding_null,p1_embedding_range,p2_embedding_range
0.5625,0.875,0.0,0.7027360625385723,0.6102354543685542,0.4111323,0.98581016,0.14182532,0.46338058,0.36740065,0.915201,3.2366965,1.2704102,1.5911528,0.5524571,3.0259972,1.1275269
