lambda_filter,lambda_anti_filter,lambda_ewc,plasticity,stability,p1,p2,p1_null,p2_null,p1_range,p2_range,p1_embedding,p2_embedding,p1_embedding_null,p2_embedding_null,p1_embedding_range,p2_embedding_range
0.84375,0.78125,0.0,0.7012960296235342,0.6363105662580268,0.39252758,0.9895606,0.22081316,0.671704,0.31435958,0.7965567,3.1748908,1.2300837,1.9384346,0.6837378,2.7355697,0.99885947
