lambda_filter,lambda_anti_filter,lambda_ewc,plasticity,stability,p1,p2,p1_null,p2_null,p1_range,p2_range,p1_embedding,p2_embedding,p1_embedding_null,p2_embedding_null,p1_embedding_range,p2_embedding_range
0.78125,0.125,0.0,0.6932729890968936,0.7445028215606149,0.2766166,0.8563073,0.2758156,0.843493,0.052516967,0.16763034,2.9387145,1.0699725,2.7504997,1.0150939,0.9675582,0.33156607
