lambda_filter,lambda_anti_filter,lambda_ewc,plasticity,stability,p1,p2,p1_null,p2_null,p1_range,p2_range,p1_embedding,p2_embedding,p1_embedding_null,p2_embedding_null,p1_embedding_range,p2_embedding_range
0.75,0.375,0.0,0.6951244599876568,0.6775637283518194,0.26015872,0.8143379,0.23270516,0.70978445,0.15959181,0.46519372,3.0412982,1.129002,2.2609382,0.81740075,2.150017,0.76020527
