lambda_filter,lambda_anti_filter,lambda_ewc,plasticity,stability,p1,p2,p1_null,p2_null,p1_range,p2_range,p1_embedding,p2_embedding,p1_embedding_null,p2_embedding_null,p1_embedding_range,p2_embedding_range
0.34375,0.46875,0.0,0.693067270109031,0.6265810468962834,0.24063592,0.68448484,0.11116664,0.35145822,0.2153812,0.63106257,3.0870914,1.1896439,1.5957735,0.5606607,2.800318,1.038447
