lambda_filter,lambda_anti_filter,lambda_ewc,plasticity,stability,p1,p2,p1_null,p2_null,p1_range,p2_range,p1_embedding,p2_embedding,p1_embedding_null,p2_embedding_null,p1_embedding_range,p2_embedding_range
0.90625,0.625,0.0,0.699444558732771,0.6546020626581047,0.35365003,0.9531769,0.25381666,0.75295126,0.2509486,0.662025,3.140897,1.1973469,2.1136088,0.7533087,2.5181153,0.906574
