lambda_filter,lambda_anti_filter,lambda_ewc,plasticity,stability,p1,p2,p1_null,p2_null,p1_range,p2_range,p1_embedding,p2_embedding,p1_embedding_null,p2_embedding_null,p1_embedding_range,p2_embedding_range
0.65625,0.0,0.0,0.6889528903517794,0.7777777777777778,0.2511716,0.82432497,0.25117183,0.82432497,4.4440385e-06,7.352685e-06,2.9458065,1.104336,2.9458046,1.104336,1.0896682e-05,4.025426e-06
