lambda_filter,lambda_anti_filter,lambda_ewc,plasticity,stability,p1,p2,p1_null,p2_null,p1_range,p2_range,p1_embedding,p2_embedding,p1_embedding_null,p2_embedding_null,p1_embedding_range,p2_embedding_range
0.40625,0.4375,0.0,0.6924501131454434,0.6409807355516638,0.23155457,0.6765212,0.12549073,0.4085838,0.20004256,0.59227085,3.0551803,1.1639186,1.7553904,0.6213693,2.6447463,0.97074986
