lambda_filter,lambda_anti_filter,lambda_ewc,plasticity,stability,p1,p2,p1_null,p2_null,p1_range,p2_range,p1_embedding,p2_embedding,p1_embedding_null,p2_embedding_null,p1_embedding_range,p2_embedding_range
0.875,0.90625,0.0,0.7027360625385723,0.630083673866511,0.4389786,1.0528431,0.22375423,0.6651398,0.3574508,0.8811803,3.2147582,1.2530344,1.8864975,0.66222525,2.8297622,1.0398312
