lambda_filter,lambda_anti_filter,lambda_ewc,plasticity,stability,p1,p2,p1_null,p2_null,p1_range,p2_range,p1_embedding,p2_embedding,p1_embedding_null,p2_embedding_null,p1_embedding_range,p2_embedding_range
0.34375,0.59375,0.0,0.6943015840362066,0.6114029966919634,0.2925376,0.778296,0.10815672,0.3393113,0.26825082,0.7383611,3.1778488,1.2392478,1.4518777,0.5057711,3.0029743,1.1212461
