lambda_filter,lambda_anti_filter,lambda_ewc,plasticity,stability,p1,p2,p1_null,p2_null,p1_range,p2_range,p1_embedding,p2_embedding,p1_embedding_null,p2_embedding_null,p1_embedding_range,p2_embedding_range
0.59375,0.34375,0.0,0.6928615511211684,0.6744502821560615,0.21444128,0.7134534,0.18346745,0.5909626,0.15309328,0.46456054,3.0016127,1.1137236,2.144265,0.7749558,2.2022326,0.7829376
