lambda_filter,lambda_anti_filter,lambda_ewc,plasticity,stability,p1,p2,p1_null,p2_null,p1_range,p2_range,p1_embedding,p2_embedding,p1_embedding_null,p2_embedding_null,p1_embedding_range,p2_embedding_range
0.34375,0.3125,0.0,0.6854556675581156,0.6553804242070441,0.17362638,0.56650424,0.11599671,0.37302193,0.14678392,0.47814158,2.9343948,1.0980816,1.8250965,0.65279484,2.3907862,0.871345
