lambda_filter,lambda_anti_filter,lambda_ewc,plasticity,stability,p1,p2,p1_null,p2_null,p1_range,p2_range,p1_embedding,p2_embedding,p1_embedding_null,p2_embedding_null,p1_embedding_range,p2_embedding_range
0.53125,0.0625,0.0,0.6842213536309402,0.7550107024712979,0.19873826,0.6723145,0.20069455,0.6655885,0.030962108,0.10761541,2.7574959,1.0179844,2.65907,0.994501,0.6296552,0.21429041
