lambda_filter,lambda_anti_filter,lambda_ewc,plasticity,stability,p1,p2,p1_null,p2_null,p1_range,p2_range,p1_embedding,p2_embedding,p1_embedding_null,p2_embedding_null,p1_embedding_range,p2_embedding_range
0.0625,0.15625,0.0,0.6502777206336144,0.6534345203346955,0.09516337,0.3214713,0.03362453,0.08323336,0.09196803,0.31680465,2.2754743,0.8877565,0.897412,0.31868005,2.1614485,0.8273271
