lambda_filter,lambda_anti_filter,lambda_ewc,plasticity,stability,p1,p2,p1_null,p2_null,p1_range,p2_range,p1_embedding,p2_embedding,p1_embedding_null,p2_embedding_null,p1_embedding_range,p2_embedding_range
0.75,0.5,0.0,0.6961530549269698,0.6608289550496206,0.28842813,0.84535986,0.21909118,0.67277324,0.2109611,0.5848244,3.0934088,1.1674924,2.0999005,0.7514623,2.4318666,0.87230426
