lambda_filter,lambda_anti_filter,lambda_ewc,plasticity,stability,p1,p2,p1_null,p2_null,p1_range,p2_range,p1_embedding,p2_embedding,p1_embedding_null,p2_embedding_null,p1_embedding_range,p2_embedding_range
0.0625,0.46875,0.0,0.6640608928204074,0.565479665304534,0.22414766,0.6664221,0.028520666,0.08175924,0.22056596,0.6649489,3.5174463,1.387887,0.50428516,0.17123155,3.5471873,1.3765734
