lambda_filter,lambda_anti_filter,lambda_ewc,plasticity,stability,p1,p2,p1_null,p2_null,p1_range,p2_range,p1_embedding,p2_embedding,p1_embedding_null,p2_embedding_null,p1_embedding_range,p2_embedding_range
0.46875,0.4375,0.0,0.6934787080847562,0.6464292663942401,0.23572868,0.6967376,0.1378023,0.46157044,0.19792615,0.5813448,3.0535223,1.1572319,1.8532348,0.6587751,2.5681734,0.9359355
