lambda_filter,lambda_anti_filter,lambda_ewc,plasticity,stability,p1,p2,p1_null,p2_null,p1_range,p2_range,p1_embedding,p2_embedding,p1_embedding_null,p2_embedding_null,p1_embedding_range,p2_embedding_range
0.9375,0.46875,0.0,0.6986216827813208,0.6750340533177661,0.32595515,0.9338505,0.2804251,0.81983304,0.18791607,0.51908284,3.103123,1.1612008,2.3028305,0.8289891,2.232642,0.791497
