lambda_filter,lambda_anti_filter,lambda_ewc,plasticity,stability,p1,p2,p1_null,p2_null,p1_range,p2_range,p1_embedding,p2_embedding,p1_embedding_null,p2_embedding_null,p1_embedding_range,p2_embedding_range
0.5625,0.3125,0.0,0.6908043612425427,0.6787312706752286,0.20145312,0.6850242,0.17582057,0.5732951,0.14075018,0.4374168,2.9714282,1.0989488,2.1576848,0.78188455,2.132446,0.756317
