lambda_filter,lambda_anti_filter,lambda_ewc,plasticity,stability,p1,p2,p1_null,p2_null,p1_range,p2_range,p1_embedding,p2_embedding,p1_embedding_null,p2_embedding_null,p1_embedding_range,p2_embedding_range
0.78125,0.8125,0.0,0.7027360625385723,0.6310566258026854,0.40043098,0.9878244,0.20133887,0.62237054,0.33028147,0.8313554,3.1844509,1.2385813,1.8621498,0.6543292,2.8048916,1.0292393
