lambda_filter,lambda_anti_filter,lambda_ewc,plasticity,stability,p1,p2,p1_null,p2_null,p1_range,p2_range,p1_embedding,p2_embedding,p1_embedding_null,p2_embedding_null,p1_embedding_range,p2_embedding_range
0.40625,0.0625,0.0,0.678872659946513,0.7520918466627748,0.1626719,0.54261965,0.16442938,0.53211534,0.034965433,0.122489445,2.5721462,0.9560817,2.4659631,0.92388606,0.71275884,0.24285023
