lambda_filter,lambda_anti_filter,lambda_ewc,plasticity,stability,p1,p2,p1_null,p2_null,p1_range,p2_range,p1_embedding,p2_embedding,p1_embedding_null,p2_embedding_null,p1_embedding_range,p2_embedding_range
0.6875,0.5,0.0,0.695535897963382,0.6565479665304534,0.27530158,0.81671095,0.19919237,0.6247575,0.21429592,0.5971404,3.088936,1.1684242,2.0385566,0.72806656,2.4810863,0.8934418
