lambda_filter,lambda_anti_filter,lambda_ewc,plasticity,stability,p1,p2,p1_null,p2_null,p1_range,p2_range,p1_embedding,p2_embedding,p1_embedding_null,p2_embedding_null,p1_embedding_range,p2_embedding_range
0.3125,0.21875,0.0,0.6801069738736886,0.681260945709282,0.15402012,0.48497164,0.11165209,0.3602445,0.10802847,0.37489694,2.7571976,1.0177554,1.9238559,0.6974035,2.036206,0.7310107
