lambda_filter,lambda_anti_filter,lambda_ewc,plasticity,stability,p1,p2,p1_null,p2_null,p1_range,p2_range,p1_embedding,p2_embedding,p1_embedding_null,p2_embedding_null,p1_embedding_range,p2_embedding_range
0.375,0.75,0.0,0.6984159637934582,0.6007005253940455,0.35577795,0.8915016,0.11139027,0.34942493,0.32992995,0.85540706,3.2540803,1.276226,1.3832908,0.4786745,3.1253934,1.172293
