lambda_filter,lambda_anti_filter,lambda_ewc,plasticity,stability,p1,p2,p1_null,p2_null,p1_range,p2_range,p1_embedding,p2_embedding,p1_embedding_null,p2_embedding_null,p1_embedding_range,p2_embedding_range
0.75,0.90625,0.0,0.7031475005142974,0.6207433352792372,0.43290073,1.0284451,0.188809,0.58290845,0.3665061,0.9040686,3.2194858,1.2590853,1.7760341,0.6205586,2.9070609,1.074237
