lambda_filter,lambda_anti_filter,lambda_ewc,plasticity,stability,p1,p2,p1_null,p2_null,p1_range,p2_range,p1_embedding,p2_embedding,p1_embedding_null,p2_embedding_null,p1_embedding_range,p2_embedding_range
0.28125,0.71875,0.0,0.6949187409997942,0.5901926444833625,0.33979732,0.8663568,0.09192,0.28302726,0.32132307,0.8457255,3.3112922,1.2987031,1.1987705,0.4131624,3.240759,1.2237623
