lambda_filter,lambda_anti_filter,lambda_ewc,plasticity,stability,p1,p2,p1_null,p2_null,p1_range,p2_range,p1_embedding,p2_embedding,p1_embedding_null,p2_embedding_null,p1_embedding_range,p2_embedding_range
0.46875,0.3125,0.0,0.690187204278955,0.6703638840241292,0.1891105,0.6284626,0.14317395,0.48910958,0.14375257,0.45583522,2.9558892,1.0964537,2.034065,0.7342115,2.2334833,0.79953295
