lambda_filter,lambda_anti_filter,lambda_ewc,plasticity,stability,p1,p2,p1_null,p2_null,p1_range,p2_range,p1_embedding,p2_embedding,p1_embedding_null,p2_embedding_null,p1_embedding_range,p2_embedding_range
0.5625,0.84375,0.0,0.7025303435507098,0.6133489005643121,0.39928257,0.96714634,0.14248756,0.4677316,0.35590196,0.89309806,3.2226167,1.2634317,1.6100518,0.559829,3.0001538,1.116024
