lambda_filter,lambda_anti_filter,lambda_ewc,plasticity,stability,p1,p2,p1_null,p2_null,p1_range,p2_range,p1_embedding,p2_embedding,p1_embedding_null,p2_embedding_null,p1_embedding_range,p2_embedding_range
0.9375,0.75,0.0,0.7010903106356716,0.6458454952325355,0.38951945,1.0061433,0.25027376,0.7424206,0.29609543,0.7552183,3.1718032,1.2224327,2.0384696,0.722298,2.6483915,0.96110415
