lambda_filter,lambda_anti_filter,lambda_ewc,plasticity,stability,p1,p2,p1_null,p2_null,p1_range,p2_range,p1_embedding,p2_embedding,p1_embedding_null,p2_embedding_null,p1_embedding_range,p2_embedding_range
0.15625,0.46875,0.0,0.672083933347048,0.5944736330025296,0.22925715,0.6656271,0.061477955,0.18395744,0.21942292,0.6558445,3.2539752,1.2767242,1.005641,0.34778097,3.2221758,1.225325
