lambda_filter,lambda_anti_filter,lambda_ewc,plasticity,stability,p1,p2,p1_null,p2_null,p1_range,p2_range,p1_embedding,p2_embedding,p1_embedding_null,p2_embedding_null,p1_embedding_range,p2_embedding_range
0.3125,0.46875,0.0,0.6912157992182678,0.6228838295388208,0.23867597,0.6791114,0.104007475,0.32500508,0.21623689,0.6357971,3.0970304,1.1977122,1.5256178,0.5347348,2.8534224,1.0622326
