lambda_filter,lambda_anti_filter,lambda_ewc,plasticity,stability,p1,p2,p1_null,p2_null,p1_range,p2_range,p1_embedding,p2_embedding,p1_embedding_null,p2_embedding_null,p1_embedding_range,p2_embedding_range
0.21875,0.71875,0.0,0.6895700473153672,0.5814360770577933,0.33718082,0.8663224,0.07681748,0.23339152,0.32340088,0.85415184,3.3832724,1.3278793,1.0250245,0.3517182,3.3550806,1.2751504
