lambda_filter,lambda_anti_filter,lambda_ewc,plasticity,stability,p1,p2,p1_null,p2_null,p1_range,p2_range,p1_embedding,p2_embedding,p1_embedding_null,p2_embedding_null,p1_embedding_range,p2_embedding_range
0.6875,0.0625,0.0,0.6895700473153672,0.7600700525394045,0.25156203,0.81042045,0.25316742,0.806245,0.02722074,0.09210944,2.9018664,1.0656738,2.8172693,1.0484799,0.55067796,0.18748136
