lambda_filter,lambda_anti_filter,lambda_ewc,plasticity,stability,p1,p2,p1_null,p2_null,p1_range,p2_range,p1_embedding,p2_embedding,p1_embedding_null,p2_embedding_null,p1_embedding_range,p2_embedding_range
0.8125,0.1875,0.0,0.6951244599876568,0.7254329636115976,0.28206238,0.8612321,0.2773464,0.83514524,0.078218855,0.2422123,2.9597752,1.0783578,2.646018,0.97124773,1.329122,0.4584162
