lambda_filter,lambda_anti_filter,lambda_ewc,plasticity,stability,p1,p2,p1_null,p2_null,p1_range,p2_range,p1_embedding,p2_embedding,p1_embedding_null,p2_embedding_null,p1_embedding_range,p2_embedding_range
0.96875,0.625,0.0,0.7000617156963588,0.658688460790037,0.3673604,0.97956353,0.27197164,0.795961,0.24682091,0.649967,3.1477177,1.1977177,2.1649268,0.7727526,2.4795065,0.8904521
