lambda_filter,lambda_anti_filter,lambda_ewc,plasticity,stability,p1,p2,p1_null,p2_null,p1_range,p2_range,p1_embedding,p2_embedding,p1_embedding_null,p2_embedding_null,p1_embedding_range,p2_embedding_range
0.40625,0.46875,0.0,0.6934787080847562,0.6347538431601479,0.24458472,0.6982375,0.1244736,0.40386084,0.2134462,0.62097853,3.0755284,1.1777519,1.7150824,0.60533285,2.7085056,0.99702245
