lambda_filter,lambda_anti_filter,lambda_ewc,plasticity,stability,p1,p2,p1_null,p2_null,p1_range,p2_range,p1_embedding,p2_embedding,p1_embedding_null,p2_embedding_null,p1_embedding_range,p2_embedding_range
0.9375,0.65625,0.0,0.700473153672084,0.6534345203346955,0.367693,0.9752466,0.25967014,0.7662619,0.2608361,0.6815446,3.151025,1.2039549,2.1121597,0.7520794,2.5399423,0.91548413
