lambda_filter,lambda_anti_filter,lambda_ewc,plasticity,stability,p1,p2,p1_null,p2_null,p1_range,p2_range,p1_embedding,p2_embedding,p1_embedding_null,p2_embedding_null,p1_embedding_range,p2_embedding_range
0.34375,0.625,0.0,0.6957416169512446,0.6082895504962055,0.30521283,0.8011853,0.10749555,0.33668932,0.2811428,0.7636851,3.1987445,1.2494866,1.4216121,0.49432096,3.0423045,1.1375778
