lambda_filter,lambda_anti_filter,lambda_ewc,plasticity,stability,p1,p2,p1_null,p2_null,p1_range,p2_range,p1_embedding,p2_embedding,p1_embedding_null,p2_embedding_null,p1_embedding_range,p2_embedding_range
0.375,0.3125,0.0,0.6864842624974286,0.6588830511772719,0.17616765,0.58003443,0.12323883,0.40239888,0.14613917,0.47289452,2.9398122,1.0967989,1.8843646,0.6758035,2.3476613,0.85123146
