lambda_filter,lambda_anti_filter,lambda_ewc,plasticity,stability,p1,p2,p1_null,p2_null,p1_range,p2_range,p1_embedding,p2_embedding,p1_embedding_null,p2_embedding_null,p1_embedding_range,p2_embedding_range
0.46875,0.21875,0.0,0.6858671055338408,0.6948822728157229,0.17913875,0.5951411,0.15183169,0.51758236,0.102083534,0.34651598,2.8314495,1.0410806,2.2055562,0.80691,1.8371863,0.64559144
