lambda_filter,lambda_anti_filter,lambda_ewc,plasticity,stability,p1,p2,p1_null,p2_null,p1_range,p2_range,p1_embedding,p2_embedding,p1_embedding_null,p2_embedding_null,p1_embedding_range,p2_embedding_range
0.71875,0.375,0.0,0.6957416169512446,0.676590776415645,0.25219277,0.79570985,0.22240755,0.68491155,0.16104034,0.47152704,3.0373242,1.1282328,2.2304912,0.8059474,2.1771498,0.77104604
