lambda_filter,lambda_anti_filter,lambda_ewc,plasticity,stability,p1,p2,p1_null,p2_null,p1_range,p2_range,p1_embedding,p2_embedding,p1_embedding_null,p2_embedding_null,p1_embedding_range,p2_embedding_range
0.78125,0.15625,0.0,0.6936844270726188,0.7322436271648181,0.2744518,0.8462883,0.27146494,0.82656854,0.06584891,0.20800915,2.939684,1.0702542,2.684646,0.98838085,1.1694788,0.4021095
