lambda_filter,lambda_anti_filter,lambda_ewc,plasticity,stability,p1,p2,p1_null,p2_null,p1_range,p2_range,p1_embedding,p2_embedding,p1_embedding_null,p2_embedding_null,p1_embedding_range,p2_embedding_range
0.78125,0.21875,0.0,0.692655832133306,0.7147304923136797,0.27029505,0.83285147,0.26285383,0.7956537,0.09248365,0.28562135,2.9589155,1.0809853,2.5586662,0.93730843,1.520758,0.5266645
