lambda_filter,lambda_anti_filter,lambda_ewc,plasticity,stability,p1,p2,p1_null,p2_null,p1_range,p2_range,p1_embedding,p2_embedding,p1_embedding_null,p2_embedding_null,p1_embedding_range,p2_embedding_range
0.375,0.03125,0.0,0.6751697181649866,0.7649348122202764,0.1622724,0.52363205,0.16344073,0.52043784,0.018702826,0.06574277,2.52311,0.9455879,2.48463,0.9363494,0.3854591,0.13048029
