lambda_filter,lambda_anti_filter,lambda_ewc,plasticity,stability,p1,p2,p1_null,p2_null,p1_range,p2_range,p1_embedding,p2_embedding,p1_embedding_null,p2_embedding_null,p1_embedding_range,p2_embedding_range
0.5625,0.90625,0.0,0.7037646574778852,0.6067328273983266,0.4228762,1.004394,0.14117296,0.4591387,0.3787456,0.9369607,3.2510748,1.277329,1.573151,0.5454664,3.0508177,1.1386604
