lambda_filter,lambda_anti_filter,lambda_ewc,plasticity,stability,p1,p2,p1_null,p2_null,p1_range,p2_range,p1_embedding,p2_embedding,p1_embedding_null,p2_embedding_null,p1_embedding_range,p2_embedding_range
0.03125,0.125,0.0,0.6449290269491874,0.6540182914964001,0.08207439,0.27149686,0.020198986,0.05138881,0.08033058,0.27009955,2.0691576,0.8092207,0.6423542,0.22388875,2.023745,0.77702343
