lambda_filter,lambda_anti_filter,lambda_ewc,plasticity,stability,p1,p2,p1_null,p2_null,p1_range,p2_range,p1_embedding,p2_embedding,p1_embedding_null,p2_embedding_null,p1_embedding_range,p2_embedding_range
0.5,0.09375,0.0,0.6844270726188028,0.7454757734967893,0.1833574,0.6278266,0.18316472,0.61177796,0.04650099,0.16265665,2.7164714,1.0000771,2.5390131,0.94581646,0.9348945,0.31991804
