lambda_filter,lambda_anti_filter,lambda_ewc,plasticity,stability,p1,p2,p1_null,p2_null,p1_range,p2_range,p1_embedding,p2_embedding,p1_embedding_null,p2_embedding_null,p1_embedding_range,p2_embedding_range
0.28125,0.125,0.0,0.671055338407735,0.7147304923136797,0.13197097,0.40794325,0.109356984,0.35081875,0.07009001,0.24825254,2.4405198,0.9092041,2.0315962,0.7500594,1.4470721,0.50667995
