lambda_filter,lambda_anti_filter,lambda_ewc,plasticity,stability,p1,p2,p1_null,p2_null,p1_range,p2_range,p1_embedding,p2_embedding,p1_embedding_null,p2_embedding_null,p1_embedding_range,p2_embedding_range
0.40625,0.71875,0.0,0.6984159637934582,0.6057598754621522,0.34503168,0.8722645,0.118010685,0.3744658,0.31629795,0.8270752,3.2189515,1.2602799,1.4642414,0.5083564,3.0547373,1.1412399
