lambda_filter,lambda_anti_filter,lambda_ewc,plasticity,stability,p1,p2,p1_null,p2_null,p1_range,p2_range,p1_embedding,p2_embedding,p1_embedding_null,p2_embedding_null,p1_embedding_range,p2_embedding_range
0.46875,0.78125,0.0,0.7012960296235342,0.6071220081727963,0.37117052,0.9189224,0.12785803,0.41175267,0.3375527,0.8636153,3.2232845,1.2633251,1.5215118,0.528302,3.0390124,1.1336604
