lambda_filter,lambda_anti_filter,lambda_ewc,plasticity,stability,p1,p2,p1_null,p2_null,p1_range,p2_range,p1_embedding,p2_embedding,p1_embedding_null,p2_embedding_null,p1_embedding_range,p2_embedding_range
0.03125,0.65625,0.0,0.6694095865048344,0.5359019264448336,0.30385396,0.82770485,0.014651686,0.042151306,0.30214462,0.82745147,3.7941368,1.5211697,0.2506982,0.08354357,3.8268366,1.5186021
