lambda_filter,lambda_anti_filter,lambda_ewc,plasticity,stability,p1,p2,p1_null,p2_null,p1_range,p2_range,p1_embedding,p2_embedding,p1_embedding_null,p2_embedding_null,p1_embedding_range,p2_embedding_range
0.03125,0.78125,0.0,0.6716724953713228,0.5246156839852111,0.35480532,0.92306346,0.01412325,0.041215453,0.3531111,0.92285264,3.848576,1.5563537,0.2302144,0.076870345,3.8846517,1.5541905
