lambda_filter,lambda_anti_filter,lambda_ewc,plasticity,stability,p1,p2,p1_null,p2_null,p1_range,p2_range,p1_embedding,p2_embedding,p1_embedding_null,p2_embedding_null,p1_embedding_range,p2_embedding_range
0.5,0.1875,0.0,0.6856613865459782,0.7069468768242849,0.18015336,0.6155803,0.16717312,0.5606259,0.08724258,0.2998376,2.8012238,1.0290569,2.3172157,0.8521178,1.6253643,0.5661496
