lambda_filter,lambda_anti_filter,lambda_ewc,plasticity,stability,p1,p2,p1_null,p2_null,p1_range,p2_range,p1_embedding,p2_embedding,p1_embedding_null,p2_embedding_null,p1_embedding_range,p2_embedding_range
0.90625,0.84375,0.0,0.7021189055749846,0.6357267950963222,0.41832307,1.0332066,0.23561767,0.69943976,0.33274254,0.8308252,3.1952128,1.2405099,1.9497786,0.68709683,2.757584,1.0081981
