lambda_filter,lambda_anti_filter,lambda_ewc,plasticity,stability,p1,p2,p1_null,p2_null,p1_range,p2_range,p1_embedding,p2_embedding,p1_embedding_null,p2_embedding_null,p1_embedding_range,p2_embedding_range
0.03125,0.75,0.0,0.6712610573955976,0.5269507686320296,0.3423266,0.8998947,0.01425571,0.041474782,0.34062868,0.89967465,3.8342862,1.5471125,0.23473233,0.07833261,3.869774,1.5448612
