lambda_filter,lambda_anti_filter,lambda_ewc,plasticity,stability,p1,p2,p1_null,p2_null,p1_range,p2_range,p1_embedding,p2_embedding,p1_embedding_null,p2_embedding_null,p1_embedding_range,p2_embedding_range
0.4375,1.0,0.0,0.7025303435507098,0.5892196925471882,0.4511458,1.0551687,0.11819449,0.3694086,0.4190762,1.0203875,3.347115,1.3210711,1.3504312,0.46408638,3.2385495,1.2245342
