lambda_filter,lambda_anti_filter,lambda_ewc,plasticity,stability,p1,p2,p1_null,p2_null,p1_range,p2_range,p1_embedding,p2_embedding,p1_embedding_null,p2_embedding_null,p1_embedding_range,p2_embedding_range
0.53125,0.40625,0.0,0.6932729890968936,0.6588830511772719,0.22722933,0.7051345,0.15618029,0.52105683,0.18225123,0.5399337,3.0369482,1.1405582,1.9784721,0.7081761,2.4314797,0.8770867
