lambda_filter,lambda_anti_filter,lambda_ewc,plasticity,stability,p1,p2,p1_null,p2_null,p1_range,p2_range,p1_embedding,p2_embedding,p1_embedding_null,p2_embedding_null,p1_embedding_range,p2_embedding_range
0.1875,0.78125,0.0,0.6881300144003292,0.5703444249854057,0.36055467,0.91261643,0.06859211,0.20460962,0.34913176,0.9046002,3.4593382,1.3623995,0.89437944,0.30534846,3.457339,1.3233842
