lambda_filter,lambda_anti_filter,lambda_ewc,plasticity,stability,p1,p2,p1_null,p2_null,p1_range,p2_range,p1_embedding,p2_embedding,p1_embedding_null,p2_embedding_null,p1_embedding_range,p2_embedding_range
1.0,0.21875,0.0,0.6986216827813208,0.7240708309009535,0.33467135,0.98104966,0.33068806,0.9566027,0.08505213,0.25006887,3.0330017,1.1048571,2.7242165,0.9951613,1.3557359,0.46821004
