lambda_filter,lambda_anti_filter,lambda_ewc,plasticity,stability,p1,p2,p1_null,p2_null,p1_range,p2_range,p1_embedding,p2_embedding,p1_embedding_null,p2_embedding_null,p1_embedding_range,p2_embedding_range
0.3125,0.5625,0.0,0.6934787080847562,0.6102354543685542,0.2780515,0.7518556,0.101896815,0.3171487,0.25623527,0.7171504,3.1741698,1.2377582,1.4134839,0.49230787,3.01232,1.1266617
