lambda_filter,lambda_anti_filter,lambda_ewc,plasticity,stability,p1,p2,p1_null,p2_null,p1_range,p2_range,p1_embedding,p2_embedding,p1_embedding_null,p2_embedding_null,p1_embedding_range,p2_embedding_range
0.84375,0.71875,0.0,0.7010903106356716,0.6411753259388986,0.36964965,0.963332,0.22640868,0.68608624,0.29094014,0.7489921,3.1576896,1.2175541,1.9833916,0.70191026,2.6709967,0.9711438
