lambda_filter,lambda_anti_filter,lambda_ewc,plasticity,stability,p1,p2,p1_null,p2_null,p1_range,p2_range,p1_embedding,p2_embedding,p1_embedding_null,p2_embedding_null,p1_embedding_range,p2_embedding_range
0.0625,0.125,0.0,0.6453404649249126,0.6738665109943569,0.08371621,0.27503008,0.034995552,0.084539905,0.078504115,0.26904276,2.022821,0.7795853,0.9572545,0.34287316,1.8436128,0.69858617
