lambda_filter,lambda_anti_filter,lambda_ewc,plasticity,stability,p1,p2,p1_null,p2_null,p1_range,p2_range,p1_embedding,p2_embedding,p1_embedding_null,p2_embedding_null,p1_embedding_range,p2_embedding_range
0.25,0.71875,0.0,0.6934787080847562,0.5851332944152559,0.33848554,0.86611474,0.08441306,0.25875008,0.32239813,0.8500168,3.344783,1.3122085,1.1159852,0.383824,3.2959518,1.2484486
