lambda_filter,lambda_anti_filter,lambda_ewc,plasticity,stability,p1,p2,p1_null,p2_null,p1_range,p2_range,p1_embedding,p2_embedding,p1_embedding_null,p2_embedding_null,p1_embedding_range,p2_embedding_range
0.125,0.78125,0.0,0.678461221970788,0.5600311344619576,0.3582118,0.9156708,0.04981783,0.14635894,0.35092703,0.9121878,3.5636528,1.4106175,0.6722976,0.22806564,3.591905,1.3896081
