lambda_filter,lambda_anti_filter,lambda_ewc,plasticity,stability,p1,p2,p1_null,p2_null,p1_range,p2_range,p1_embedding,p2_embedding,p1_embedding_null,p2_embedding_null,p1_embedding_range,p2_embedding_range
1.0,0.28125,0.0,0.699444558732771,0.7102549134072776,0.33086812,0.97021985,0.32253537,0.9304777,0.11001501,0.31878152,3.0471158,1.1165098,2.6192353,0.95366156,1.6290298,0.5659407
