lambda_filter,lambda_anti_filter,lambda_ewc,plasticity,stability,p1,p2,p1_null,p2_null,p1_range,p2_range,p1_embedding,p2_embedding,p1_embedding_null,p2_embedding_null,p1_embedding_range,p2_embedding_range
0.09375,0.53125,0.0,0.6679695535897964,0.5703444249854057,0.25325155,0.7204701,0.039771177,0.11742758,0.24774465,0.7175116,3.4881501,1.3709271,0.64188147,0.21897727,3.5123022,1.3519684
