lambda_filter,lambda_anti_filter,lambda_ewc,plasticity,stability,p1,p2,p1_null,p2_null,p1_range,p2_range,p1_embedding,p2_embedding,p1_embedding_null,p2_embedding_null,p1_embedding_range,p2_embedding_range
0.8125,0.25,0.0,0.6947130220119317,0.7085035999221638,0.2780577,0.8510318,0.26887184,0.80630916,0.10456473,0.31681213,2.9835567,1.0923896,2.5264184,0.9229597,1.643682,0.5709644
