lambda_filter,lambda_anti_filter,lambda_ewc,plasticity,stability,p1,p2,p1_null,p2_null,p1_range,p2_range,p1_embedding,p2_embedding,p1_embedding_null,p2_embedding_null,p1_embedding_range,p2_embedding_range
0.28125,0.1875,0.0,0.6755811561407118,0.6876824284880327,0.14352061,0.44397548,0.10444338,0.33407283,0.09635317,0.33928627,2.6530313,0.9790341,1.9084847,0.6944169,1.9028405,0.6810958
