lambda_filter,lambda_anti_filter,lambda_ewc,plasticity,stability,p1,p2,p1_null,p2_null,p1_range,p2_range,p1_embedding,p2_embedding,p1_embedding_null,p2_embedding_null,p1_embedding_range,p2_embedding_range
0.9375,0.03125,0.0,0.695535897963382,0.7705779334500875,0.33530322,1.0049982,0.33608764,1.004434,0.01202733,0.037149403,3.0658267,1.125644,3.03805,1.1226339,0.23650806,0.08048677
