lambda_filter,lambda_anti_filter,lambda_ewc,plasticity,stability,p1,p2,p1_null,p2_null,p1_range,p2_range,p1_embedding,p2_embedding,p1_embedding_null,p2_embedding_null,p1_embedding_range,p2_embedding_range
0.4375,0.96875,0.0,0.7025303435507098,0.5907764156450671,0.4394829,1.0359213,0.118748404,0.37220404,0.4081417,0.9996831,3.331526,1.3137953,1.364983,0.46956885,3.2177699,1.2146156
