lambda_filter,lambda_anti_filter,lambda_ewc,plasticity,stability,p1,p2,p1_null,p2_null,p1_range,p2_range,p1_embedding,p2_embedding,p1_embedding_null,p2_embedding_null,p1_embedding_range,p2_embedding_range
0.34375,0.875,0.0,0.700473153672084,0.5855224751897257,0.4014512,0.97478616,0.10298599,0.3185095,0.37887973,0.9500052,3.3428507,1.316375,1.2454861,0.42797893,3.265235,1.2353165
