lambda_filter,lambda_anti_filter,lambda_ewc,plasticity,stability,p1,p2,p1_null,p2_null,p1_range,p2_range,p1_embedding,p2_embedding,p1_embedding_null,p2_embedding_null,p1_embedding_range,p2_embedding_range
0.0625,0.28125,0.0,0.6558321333059042,0.5995329830706363,0.14198554,0.47819486,0.030499782,0.08239391,0.14152366,0.4756984,3.023944,1.1974201,0.6837502,0.23687969,3.0243378,1.1729795
