lambda_filter,lambda_anti_filter,lambda_ewc,plasticity,stability,p1,p2,p1_null,p2_null,p1_range,p2_range,p1_embedding,p2_embedding,p1_embedding_null,p2_embedding_null,p1_embedding_range,p2_embedding_range
0.125,0.125,0.0,0.6488376877185764,0.693325549717844,0.095163874,0.2934068,0.060120482,0.16330227,0.076779805,0.26591897,2.1518536,0.80628586,1.4200518,0.5160687,1.6768475,0.6156544
