lambda_filter,lambda_anti_filter,lambda_ewc,plasticity,stability,p1,p2,p1_null,p2_null,p1_range,p2_range,p1_embedding,p2_embedding,p1_embedding_null,p2_embedding_null,p1_embedding_range,p2_embedding_range
0.4375,0.28125,0.0,0.687718576424604,0.675228643705001,0.1814397,0.59569263,0.13824049,0.46829093,0.13078406,0.42714813,2.9131765,1.0771009,2.040398,0.7385316,2.1563058,0.7702769
