lambda_filter,lambda_anti_filter,lambda_ewc,plasticity,stability,p1,p2,p1_null,p2_null,p1_range,p2_range,p1_embedding,p2_embedding,p1_embedding_null,p2_embedding_null,p1_embedding_range,p2_embedding_range
0.59375,0.625,0.0,0.6984159637934582,0.6312512161899202,0.31721824,0.8442545,0.15935639,0.5255901,0.2698216,0.72155094,3.1294062,1.2077672,1.8122431,0.6387749,2.7467735,1.0064716
