lambda_filter,lambda_anti_filter,lambda_ewc,plasticity,stability,p1,p2,p1_null,p2_null,p1_range,p2_range,p1_embedding,p2_embedding,p1_embedding_null,p2_embedding_null,p1_embedding_range,p2_embedding_range
0.8125,0.65625,0.0,0.699444558732771,0.6456509048453006,0.3444865,0.92773575,0.223025,0.67904687,0.2691106,0.7055913,3.1403437,1.2049751,2.0056725,0.711622,2.6188357,0.9492695
