lambda_filter,lambda_anti_filter,lambda_ewc,plasticity,stability,p1,p2,p1_null,p2_null,p1_range,p2_range,p1_embedding,p2_embedding,p1_embedding_null,p2_embedding_null,p1_embedding_range,p2_embedding_range
0.90625,0.5625,0.0,0.699444558732771,0.6621910877602647,0.339374,0.93607116,0.26045236,0.7699686,0.22669046,0.60925317,3.1260998,1.1834269,2.1730206,0.77732754,2.4264529,0.86895144
