lambda_filter,lambda_anti_filter,lambda_ewc,plasticity,stability,p1,p2,p1_null,p2_null,p1_range,p2_range,p1_embedding,p2_embedding,p1_embedding_null,p2_embedding_null,p1_embedding_range,p2_embedding_range
0.15625,0.65625,0.0,0.678872659946513,0.5720957384705195,0.30916902,0.82039505,0.060129806,0.17975853,0.29966056,0.813681,3.4428177,1.3509977,0.84728664,0.28986797,3.4449742,1.3163342
