lambda_filter,lambda_anti_filter,lambda_ewc,plasticity,stability,p1,p2,p1_null,p2_null,p1_range,p2_range,p1_embedding,p2_embedding,p1_embedding_null,p2_embedding_null,p1_embedding_range,p2_embedding_range
0.4375,0.34375,0.0,0.6903929232668176,0.6592722319517416,0.19446199,0.6283139,0.13544567,0.45333344,0.15836537,0.49478966,2.9823155,1.1139724,1.9385406,0.6953967,2.3688412,0.8557933
