lambda_filter,lambda_anti_filter,lambda_ewc,plasticity,stability,p1,p2,p1_null,p2_null,p1_range,p2_range,p1_embedding,p2_embedding,p1_embedding_null,p2_embedding_null,p1_embedding_range,p2_embedding_range
0.3125,0.3125,0.0,0.6844270726188028,0.6524615683985211,0.17111002,0.55451465,0.108412914,0.34340537,0.14743169,0.48311892,2.9290588,1.1003052,1.7589781,0.6273247,2.437898,0.8934675
