lambda_filter,lambda_anti_filter,lambda_ewc,plasticity,stability,p1,p2,p1_null,p2_null,p1_range,p2_range,p1_embedding,p2_embedding,p1_embedding_null,p2_embedding_null,p1_embedding_range,p2_embedding_range
0.4375,0.1875,0.0,0.6846327916066653,0.7026658883051178,0.17012592,0.56363404,0.14349526,0.4981553,0.08889267,0.31194955,2.7614787,1.0160604,2.222403,0.8161746,1.6984239,0.5944051
