lambda_filter,lambda_anti_filter,lambda_ewc,plasticity,stability,p1,p2,p1_null,p2_null,p1_range,p2_range,p1_embedding,p2_embedding,p1_embedding_null,p2_embedding_null,p1_embedding_range,p2_embedding_range
0.5,0.78125,0.0,0.7017074675992594,0.6117921774664331,0.3723084,0.92197925,0.13339092,0.4333782,0.33592114,0.8584414,3.2121658,1.2579864,1.5674742,0.54510325,3.0056953,1.1188263
