lambda_filter,lambda_anti_filter,lambda_ewc,plasticity,stability,p1,p2,p1_null,p2_null,p1_range,p2_range,p1_embedding,p2_embedding,p1_embedding_null,p2_embedding_null,p1_embedding_range,p2_embedding_range
0.15625,0.625,0.0,0.6786669409586504,0.5769604981513913,0.2962165,0.79591566,0.060171366,0.1804906,0.28665707,0.78882116,3.4210804,1.3417361,0.86655146,0.2969433,3.4202187,1.3053055
