lambda_filter,lambda_anti_filter,lambda_ewc,plasticity,stability,p1,p2,p1_null,p2_null,p1_range,p2_range,p1_embedding,p2_embedding,p1_embedding_null,p2_embedding_null,p1_embedding_range,p2_embedding_range
0.15625,0.34375,0.0,0.6661180826990332,0.6174352986962444,0.17343564,0.5494593,0.06341334,0.18735254,0.16545673,0.5356557,3.0187078,1.1790848,1.1835247,0.41347456,2.9014971,1.1007504
