lambda_filter,lambda_anti_filter,lambda_ewc,plasticity,stability,p1,p2,p1_null,p2_null,p1_range,p2_range,p1_embedding,p2_embedding,p1_embedding_null,p2_embedding_null,p1_embedding_range,p2_embedding_range
1.0,0.46875,0.0,0.6996502777206336,0.6775637283518194,0.34033245,0.96723634,0.2988827,0.86341506,0.18436143,0.50702196,3.1113744,1.1632043,2.3536346,0.84797025,2.189013,0.7745214
