lambda_filter,lambda_anti_filter,lambda_ewc,plasticity,stability,p1,p2,p1_null,p2_null,p1_range,p2_range,p1_embedding,p2_embedding,p1_embedding_null,p2_embedding_null,p1_embedding_range,p2_embedding_range
0.65625,0.875,0.0,0.7037646574778852,0.6174352986962444,0.41646853,0.99708503,0.16364075,0.5259955,0.36156595,0.89893603,3.2173507,1.2599198,1.699847,0.59254855,2.9482875,1.0927688
