lambda_filter,lambda_anti_filter,lambda_ewc,plasticity,stability,p1,p2,p1_null,p2_null,p1_range,p2_range,p1_embedding,p2_embedding,p1_embedding_null,p2_embedding_null,p1_embedding_range,p2_embedding_range
0.71875,0.09375,0.0,0.6908043612425427,0.7517026658883051,0.2589166,0.8204559,0.25938514,0.81193197,0.0403208,0.13328122,2.9086366,1.0624458,2.7705078,1.0269779,0.7824975,0.2673035
