lambda_filter,lambda_anti_filter,lambda_ewc,plasticity,stability,p1,p2,p1_null,p2_null,p1_range,p2_range,p1_embedding,p2_embedding,p1_embedding_null,p2_embedding_null,p1_embedding_range,p2_embedding_range
0.96875,0.1875,0.0,0.6977988068298704,0.7306869040669391,0.3279401,0.9682951,0.32562137,0.9491573,0.07351086,0.21897952,3.0189333,1.0976934,2.7589283,1.009914,1.2192376,0.4199442
