lambda_filter,lambda_anti_filter,lambda_ewc,plasticity,stability,p1,p2,p1_null,p2_null,p1_range,p2_range,p1_embedding,p2_embedding,p1_embedding_null,p2_embedding_null,p1_embedding_range,p2_embedding_range
0.8125,0.21875,0.0,0.6945073030240692,0.7160926250243238,0.28002223,0.85516244,0.27308327,0.82027495,0.091409564,0.28005755,2.9701614,1.0844568,2.585114,0.9466448,1.4945529,0.51727945
