lambda_filter,lambda_anti_filter,lambda_ewc,plasticity,stability,p1,p2,p1_null,p2_null,p1_range,p2_range,p1_embedding,p2_embedding,p1_embedding_null,p2_embedding_null,p1_embedding_range,p2_embedding_range
0.21875,0.3125,0.0,0.673523966262086,0.6368943374197314,0.16380557,0.52823466,0.08325444,0.25247756,0.15108609,0.4961242,2.9202178,1.1169312,1.4978932,0.5289537,2.6162488,0.9773128
