lambda_filter,lambda_anti_filter,lambda_ewc,plasticity,stability,p1,p2,p1_null,p2_null,p1_range,p2_range,p1_embedding,p2_embedding,p1_embedding_null,p2_embedding_null,p1_embedding_range,p2_embedding_range
0.125,0.0,0.0,0.6196255914420901,0.7777777777777778,0.06837059,0.1880786,0.06837067,0.1880786,8.724164e-06,1.2228327e-05,1.587662,0.60821307,1.5876595,0.60821307,1.1508745e-05,4.1430376e-06
