lambda_filter,lambda_anti_filter,lambda_ewc,plasticity,stability,p1,p2,p1_null,p2_null,p1_range,p2_range,p1_embedding,p2_embedding,p1_embedding_null,p2_embedding_null,p1_embedding_range,p2_embedding_range
0.5,0.8125,0.0,0.7021189055749846,0.6096516832068496,0.38381666,0.94161814,0.13277043,0.42947903,0.34776375,0.8812107,3.2269804,1.265396,1.5465115,0.5369948,3.0334182,1.1310047
