lambda_filter,lambda_anti_filter,lambda_ewc,plasticity,stability,p1,p2,p1_null,p2_null,p1_range,p2_range,p1_embedding,p2_embedding,p1_embedding_null,p2_embedding_null,p1_embedding_range,p2_embedding_range
0.6875,0.59375,0.0,0.6973873688541452,0.6442887721346565,0.3116341,0.85686076,0.19071695,0.6024342,0.25216806,0.67830014,3.1179535,1.1940169,1.9424875,0.68892103,2.6274872,0.9544001
