lambda_filter,lambda_anti_filter,lambda_ewc,plasticity,stability,p1,p2,p1_null,p2_null,p1_range,p2_range,p1_embedding,p2_embedding,p1_embedding_null,p2_embedding_null,p1_embedding_range,p2_embedding_range
0.34375,0.0625,0.0,0.6747582801892614,0.7511188947266005,0.14386202,0.4710376,0.14244953,0.4576055,0.037147887,0.13031745,2.4430535,0.91329914,2.3339312,0.87443334,0.7626624,0.26031148
