lambda_filter,lambda_anti_filter,lambda_ewc,plasticity,stability,p1,p2,p1_null,p2_null,p1_range,p2_range,p1_embedding,p2_embedding,p1_embedding_null,p2_embedding_null,p1_embedding_range,p2_embedding_range
0.75,0.21875,0.0,0.6924501131454434,0.7137575403775054,0.26039177,0.81017345,0.2524532,0.77045375,0.093554825,0.29133254,2.9474025,1.0774628,2.531055,0.92749786,1.5479131,0.53644073
