lambda_filter,lambda_anti_filter,lambda_ewc,plasticity,stability,p1,p2,p1_null,p2_null,p1_range,p2_range,p1_embedding,p2_embedding,p1_embedding_null,p2_embedding_null,p1_embedding_range,p2_embedding_range
0.4375,0.0625,0.0,0.6805184118494138,0.7528702082117144,0.17218812,0.5767741,0.17446144,0.5674302,0.03390912,0.11862336,2.6265342,0.97420347,2.521905,0.9446548,0.6900072,0.23497835
