lambda_filter,lambda_anti_filter,lambda_ewc,plasticity,stability,p1,p2,p1_null,p2_null,p1_range,p2_range,p1_embedding,p2_embedding,p1_embedding_null,p2_embedding_null,p1_embedding_range,p2_embedding_range
0.53125,0.03125,0.0,0.6833984776794898,0.7664915353181553,0.20927979,0.6918634,0.21019739,0.69012916,0.015787372,0.05483396,2.7817433,1.0354265,2.740562,1.0293715,0.32583612,0.11038437
