lambda_filter,lambda_anti_filter,lambda_ewc,plasticity,stability,p1,p2,p1_null,p2_null,p1_range,p2_range,p1_embedding,p2_embedding,p1_embedding_null,p2_embedding_null,p1_embedding_range,p2_embedding_range
0.15625,0.28125,0.0,0.6626208599053692,0.6320295777388597,0.14494804,0.48605347,0.06462416,0.1898768,0.13991271,0.46873716,2.8568027,1.1046585,1.2952274,0.4561135,2.6520672,1.0022701
