lambda_filter,lambda_anti_filter,lambda_ewc,plasticity,stability,p1,p2,p1_null,p2_null,p1_range,p2_range,p1_embedding,p2_embedding,p1_embedding_null,p2_embedding_null,p1_embedding_range,p2_embedding_range
0.1875,0.46875,0.0,0.6780497839950628,0.6007005253940455,0.23107049,0.6667247,0.071049765,0.21422188,0.21892619,0.6523495,3.2006648,1.2536724,1.1383599,0.39490396,3.132151,1.1855983
