lambda_filter,lambda_anti_filter,lambda_ewc,plasticity,stability,p1,p2,p1_null,p2_null,p1_range,p2_range,p1_embedding,p2_embedding,p1_embedding_null,p2_embedding_null,p1_embedding_range,p2_embedding_range
0.90625,0.25,0.0,0.696564492902695,0.712784588441331,0.3061645,0.914475,0.29850996,0.8770403,0.10102005,0.30009237,3.0112941,1.1010824,2.602394,0.9498918,1.5676123,0.5435952
