lambda_filter,lambda_anti_filter,lambda_ewc,plasticity,stability,p1,p2,p1_null,p2_null,p1_range,p2_range,p1_embedding,p2_embedding,p1_embedding_null,p2_embedding_null,p1_embedding_range,p2_embedding_range
1.0,1.0,3.032789982193707,0.7037646574778852,0.6296944930920413,0.47598094,1.1189494,0.2531473,0.7235553,0.37999153,0.9205358,3.2405832,1.2628015,1.9280137,0.6773041,2.8311672,1.0400364
