lambda_filter,lambda_anti_filter,lambda_ewc,plasticity,stability,p1,p2,p1_null,p2_null,p1_range,p2_range,p1_embedding,p2_embedding,p1_embedding_null,p2_embedding_null,p1_embedding_range,p2_embedding_range
1.0,1.0,3.6845801158730476,0.7037646574778852,0.6298890834792761,0.47586176,1.1185623,0.2530858,0.72338444,0.37991807,0.92010754,3.2393508,1.2619992,1.9268612,0.6769297,2.8296275,1.0393108
