lambda_filter,lambda_anti_filter,lambda_ewc,plasticity,stability,p1,p2,p1_null,p2_null,p1_range,p2_range,p1_embedding,p2_embedding,p1_embedding_null,p2_embedding_null,p1_embedding_range,p2_embedding_range
1.0,1.0,1.5728259674479332,0.7039703764657478,0.6289161315431018,0.4762481,1.1198182,0.25328162,0.723937,0.38015804,0.9214999,3.243366,1.2646122,1.9306225,0.6781518,2.834648,1.0416726
