lambda_filter,lambda_anti_filter,lambda_ewc,plasticity,stability,p1,p2,p1_null,p2_null,p1_range,p2_range,p1_embedding,p2_embedding,p1_embedding_null,p2_embedding_null,p1_embedding_range,p2_embedding_range
1.0,1.0,6.427982482564916,0.7037646574778852,0.6306674450282156,0.4753644,1.1169423,0.2528303,0.72267,0.379609,0.91831213,3.2342079,1.2586532,1.9220711,0.67537564,2.8232098,1.0362786
