lambda_filter,lambda_anti_filter,lambda_ewc,plasticity,stability,p1,p2,p1_null,p2_null,p1_range,p2_range,p1_embedding,p2_embedding,p1_embedding_null,p2_embedding_null,p1_embedding_range,p2_embedding_range
1.0,1.0,16.030650292528442,0.7027360625385723,0.6333917104495038,0.47362468,1.1113713,0.25194657,0.72019404,0.37853044,0.9121526,3.2167783,1.2473496,1.9060805,0.6702083,2.801556,1.0259817
