lambda_filter,lambda_anti_filter,lambda_ewc,plasticity,stability,p1,p2,p1_null,p2_null,p1_range,p2_range,p1_embedding,p2_embedding,p1_embedding_null,p2_embedding_null,p1_embedding_range,p2_embedding_range
1.0,1.0,2.7633583622865348,0.7037646574778852,0.6296944930920413,0.4760303,1.11911,0.2531736,0.723626,0.38002264,0.92071396,3.2410967,1.2631345,1.9284947,0.6774602,2.8318062,1.0403372
