lambda_filter,lambda_anti_filter,lambda_ewc,plasticity,stability,p1,p2,p1_null,p2_null,p1_range,p2_range,p1_embedding,p2_embedding,p1_embedding_null,p2_embedding_null,p1_embedding_range,p2_embedding_range
1.0,1.0,1.115072824868795,0.7039703764657478,0.6287215411558669,0.47633103,1.120091,0.25332415,0.72405696,0.38020903,0.9218027,3.2442358,1.2651814,1.9314485,0.67841965,2.8357387,1.0421863
