lambda_filter,lambda_anti_filter,lambda_ewc,plasticity,stability,p1,p2,p1_null,p2_null,p1_range,p2_range,p1_embedding,p2_embedding,p1_embedding_null,p2_embedding_null,p1_embedding_range,p2_embedding_range
1.0,1.0,4451.958509942656,0.6422546801069738,0.735357073360576,0.23111272,0.5318286,0.15743539,0.3476631,0.18389103,0.42872268,1.7073194,0.6589168,1.0619088,0.3662636,1.4275117,0.52974045
