lambda_filter,lambda_anti_filter,lambda_ewc,plasticity,stability,p1,p2,p1_null,p2_null,p1_range,p2_range,p1_embedding,p2_embedding,p1_embedding_null,p2_embedding_null,p1_embedding_range,p2_embedding_range
1.0,1.0,0.047176819485520216,0.7037646574778852,0.6285269507686321,0.47652474,1.1207298,0.25342458,0.72433794,0.38032869,0.92251104,3.2463024,1.2665216,1.933382,0.6790478,2.8383245,1.0433965
