lambda_filter,lambda_anti_filter,lambda_ewc,plasticity,stability,p1,p2,p1_null,p2_null,p1_range,p2_range,p1_embedding,p2_embedding,p1_embedding_null,p2_embedding_null,p1_embedding_range,p2_embedding_range
1.0,1.0,57.44761131633635,0.7017074675992594,0.6415645067133684,0.46632388,1.0889394,0.24825597,0.70994264,0.37397778,0.8875704,3.1498725,1.2049083,1.8488109,0.65198916,2.7201002,0.9865304
