lambda_filter,lambda_anti_filter,lambda_ewc,plasticity,stability,p1,p2,p1_null,p2_null,p1_range,p2_range,p1_embedding,p2_embedding,p1_embedding_null,p2_embedding_null,p1_embedding_range,p2_embedding_range
1.0,1.0,0.4294045334317613,0.7037646574778852,0.6287215411558669,0.47645497,1.1205013,0.25338927,0.72423774,0.38028517,0.9222575,3.2455595,1.2660402,1.9326866,0.67882156,2.8373935,1.0429621
