lambda_filter,lambda_anti_filter,lambda_ewc,plasticity,stability,p1,p2,p1_null,p2_null,p1_range,p2_range,p1_embedding,p2_embedding,p1_embedding_null,p2_embedding_null,p1_embedding_range,p2_embedding_range
1.0,1.0,39.889482262948626,0.7021189055749846,0.6388402412920802,0.46938205,1.0981531,0.249793,0.71421003,0.37588808,0.89762145,3.1767852,1.2217468,1.8710359,0.6589867,2.752457,1.0023377
