lambda_filter,lambda_anti_filter,lambda_ewc,plasticity,stability,p1,p2,p1_null,p2_null,p1_range,p2_range,p1_embedding,p2_embedding,p1_embedding_null,p2_embedding_null,p1_embedding_range,p2_embedding_range
1.0,1.0,0.36500780654601406,0.7037646574778852,0.6287215411558669,0.47646657,1.1205398,0.25339565,0.72425467,0.38029236,0.9223003,3.245685,1.2661214,1.9328043,0.67885995,2.837551,1.0430353
