lambda_filter,lambda_anti_filter,lambda_ewc,plasticity,stability,p1,p2,p1_null,p2_null,p1_range,p2_range,p1_embedding,p2_embedding,p1_embedding_null,p2_embedding_null,p1_embedding_range,p2_embedding_range
1.0,1.0,2.5526346765781414,0.7039703764657478,0.6296944930920413,0.47606874,1.1192352,0.25319293,0.7236813,0.38004673,0.92085254,3.241498,1.2633964,1.9288703,0.67758226,2.8323088,1.040574
