lambda_filter,lambda_anti_filter,lambda_ewc,plasticity,stability,p1,p2,p1_null,p2_null,p1_range,p2_range,p1_embedding,p2_embedding,p1_embedding_null,p2_embedding_null,p1_embedding_range,p2_embedding_range
1.0,1.0,44119.9286319119,0.6060481382431598,0.7682428488032691,0.055100188,0.12614591,0.0313771,0.07654037,0.04444981,0.11142815,0.52593845,0.22163506,0.46926355,0.17492725,0.34729,0.13447319
