lambda_filter,lambda_anti_filter,lambda_ewc,plasticity,stability,p1,p2,p1_null,p2_null,p1_range,p2_range,p1_embedding,p2_embedding,p1_embedding_null,p2_embedding_null,p1_embedding_range,p2_embedding_range
1.0,1.0,1709.9339072690152,0.6652952067475828,0.7229032885775443,0.32309794,0.7306728,0.20532325,0.4911078,0.25934848,0.566649,2.1875687,0.82763284,1.3576825,0.47814202,1.8096477,0.6479854
