lambda_filter,lambda_anti_filter,lambda_ewc,plasticity,stability,p1,p2,p1_null,p2_null,p1_range,p2_range,p1_embedding,p2_embedding,p1_embedding_null,p2_embedding_null,p1_embedding_range,p2_embedding_range
1.0,1.0,73.45122910795139,0.7021189055749846,0.645067133683596,0.46358436,1.0808828,0.24688259,0.7061475,0.37226194,0.87883675,3.1268969,1.1908433,1.8307229,0.64637625,2.6930478,0.97316885
