lambda_filter,lambda_anti_filter,lambda_ewc,plasticity,stability,p1,p2,p1_null,p2_null,p1_range,p2_range,p1_embedding,p2_embedding,p1_embedding_null,p2_embedding_null,p1_embedding_range,p2_embedding_range
1.0,1.0,84.4932706626838,0.7010903106356716,0.6475968087176494,0.46171707,1.0754998,0.24594799,0.7035758,0.3710898,0.87303334,3.1118379,1.1817778,1.8193414,0.64287364,2.6755433,0.964477
