lambda_filter,lambda_anti_filter,lambda_ewc,plasticity,stability,p1,p2,p1_null,p2_null,p1_range,p2_range,p1_embedding,p2_embedding,p1_embedding_null,p2_embedding_null,p1_embedding_range,p2_embedding_range
1.0,1.0,67.68103588995304,0.7021189055749846,0.6440941817474217,0.46456656,1.0837529,0.24737507,0.7075068,0.3728776,0.8819415,3.1350102,1.1957846,1.8370161,0.6483241,2.7025518,0.9778794
