lambda_filter,lambda_anti_filter,lambda_ewc,plasticity,stability,p1,p2,p1_null,p2_null,p1_range,p2_range,p1_embedding,p2_embedding,p1_embedding_null,p2_embedding_null,p1_embedding_range,p2_embedding_range
1.0,1.0,0.66042865718753,0.7037646574778852,0.6287215411558669,0.47641295,1.1203628,0.2533684,0.72417694,0.3802589,0.92210394,3.2451162,1.2657516,1.932272,0.6786868,2.8368378,1.042701
