lambda_filter,lambda_anti_filter,lambda_ewc,plasticity,stability,p1,p2,p1_null,p2_null,p1_range,p2_range,p1_embedding,p2_embedding,p1_embedding_null,p2_embedding_null,p1_embedding_range,p2_embedding_range
1.0,1.0,328.2437333007769,0.6934787080847562,0.6787312706752286,0.42481273,0.98157984,0.23504075,0.65404785,0.34754065,0.7765223,2.8661785,1.0578119,1.6775038,0.6006745,2.4079142,0.84131753
