lambda_filter,lambda_anti_filter,lambda_ewc,plasticity,stability,p1,p2,p1_null,p2_null,p1_range,p2_range,p1_embedding,p2_embedding,p1_embedding_null,p2_embedding_null,p1_embedding_range,p2_embedding_range
1.0,1.0,4716.084690917018,0.6416375231433862,0.7361354349095155,0.22465101,0.51956344,0.15377906,0.33863682,0.17963591,0.41996038,1.6776615,0.64821297,1.043028,0.3596039,1.4028162,0.5220419
