lambda_filter,lambda_anti_filter,lambda_ewc,plasticity,stability,p1,p2,p1_null,p2_null,p1_range,p2_range,p1_embedding,p2_embedding,p1_embedding_null,p2_embedding_null,p1_embedding_range,p2_embedding_range
1.0,1.0,61628.66255132942,0.602550915449496,0.7697995719011481,0.040905394,0.095078975,0.023669042,0.06037623,0.03333428,0.085038796,0.43793118,0.18074034,0.40786144,0.1513922,0.2574751,0.09770996
