lambda_filter,lambda_anti_filter,lambda_ewc,plasticity,stability,p1,p2,p1_null,p2_null,p1_range,p2_range,p1_embedding,p2_embedding,p1_embedding_null,p2_embedding_null,p1_embedding_range,p2_embedding_range
1.0,1.0,0.16162263260850196,0.7037646574778852,0.6285269507686321,0.4765044,1.1206616,0.25341472,0.72430784,0.38031638,0.9224354,3.2460763,1.266376,1.9331715,0.6789793,2.838042,1.0432653
