lambda_filter,lambda_anti_filter,lambda_ewc,plasticity,stability,p1,p2,p1_null,p2_null,p1_range,p2_range,p1_embedding,p2_embedding,p1_embedding_null,p2_embedding_null,p1_embedding_range,p2_embedding_range
1.0,1.0,184.0407019542302,0.698004525817733,0.660245183887916,0.4457243,1.0322578,0.2392505,0.6818744,0.36096713,0.8274156,2.9966328,1.1177192,1.7434801,0.6203436,2.5463479,0.90145487
