lambda_filter,lambda_anti_filter,lambda_ewc,plasticity,stability,p1,p2,p1_null,p2_null,p1_range,p2_range,p1_embedding,p2_embedding,p1_embedding_null,p2_embedding_null,p1_embedding_range,p2_embedding_range
1.0,1.0,35443.556739704356,0.6099567990125488,0.765518583381981,0.06576191,0.15127619,0.037364148,0.08952668,0.052675523,0.1322248,0.5961628,0.25261515,0.50636464,0.18897606,0.42269808,0.16546161
