lambda_filter,lambda_anti_filter,lambda_ewc,plasticity,stability,p1,p2,p1_null,p2_null,p1_range,p2_range,p1_embedding,p2_embedding,p1_embedding_null,p2_embedding_null,p1_embedding_range,p2_embedding_range
1.0,1.0,1811.4175473742378,0.6640608928204074,0.7244600116754233,0.31865883,0.7193281,0.20327899,0.48316255,0.25462562,0.5585769,2.1586735,0.8178766,1.341022,0.47158852,1.786982,0.6410538
