lambda_filter,lambda_anti_filter,lambda_ewc,plasticity,stability,p1,p2,p1_null,p2_null,p1_range,p2_range,p1_embedding,p2_embedding,p1_embedding_null,p2_embedding_null,p1_embedding_range,p2_embedding_range
1.0,1.0,13154.856240457053,0.623122814235754,0.7546215216968282,0.12478679,0.3105289,0.080562405,0.18810792,0.101697415,0.26057547,1.1062135,0.44079092,0.7053001,0.25350422,0.9020973,0.35397536
