lambda_filter,lambda_anti_filter,lambda_ewc,plasticity,stability,p1,p2,p1_null,p2_null,p1_range,p2_range,p1_embedding,p2_embedding,p1_embedding_null,p2_embedding_null,p1_embedding_range,p2_embedding_range
1.0,1.0,1.2148552337263596,0.7039703764657478,0.6289161315431018,0.47631332,1.1200314,0.25331473,0.7240309,0.38019803,0.9217364,3.2440484,1.2650576,1.9312686,0.6783613,2.8355024,1.0420743
