lambda_filter,lambda_anti_filter,lambda_ewc,plasticity,stability,p1,p2,p1_null,p2_null,p1_range,p2_range,p1_embedding,p2_embedding,p1_embedding_null,p2_embedding_null,p1_embedding_range,p2_embedding_range
1.0,1.0,1.0668802496290826,0.7037646574778852,0.6287215411558669,0.47633976,1.1201196,0.25332844,0.7240696,0.38021445,0.9218344,3.2443266,1.265241,1.9315348,0.67844766,2.8358536,1.04224
