lambda_filter,lambda_anti_filter,lambda_ewc,plasticity,stability,p1,p2,p1_null,p2_null,p1_range,p2_range,p1_embedding,p2_embedding,p1_embedding_null,p2_embedding_null,p1_embedding_range,p2_embedding_range
1.0,1.0,469.62248498412816,0.6887471713639169,0.688849970811442,0.4063606,0.94070756,0.23169033,0.629888,0.3355381,0.73764193,2.7584546,1.0164315,1.6311864,0.58524257,2.299852,0.8010445
