lambda_filter,lambda_anti_filter,lambda_ewc,plasticity,stability,p1,p2,p1_null,p2_null,p1_range,p2_range,p1_embedding,p2_embedding,p1_embedding_null,p2_embedding_null,p1_embedding_range,p2_embedding_range
1.0,1.0,719.8715033782136,0.6807241308372762,0.7014983459817085,0.37998608,0.88182217,0.22608769,0.59296775,0.31651962,0.68500024,2.5968406,0.9615059,1.563664,0.5598286,2.1492984,0.7514617
