lambda_filter,lambda_anti_filter,lambda_ewc,plasticity,stability,p1,p2,p1_null,p2_null,p1_range,p2_range,p1_embedding,p2_embedding,p1_embedding_null,p2_embedding_null,p1_embedding_range,p2_embedding_range
1.0,1.0,2.9865810735804406,0.7037646574778852,0.6296944930920413,0.4759895,1.1189771,0.25315225,0.7235676,0.37999693,0.9205665,3.2406702,1.2628584,1.9280962,0.67733073,2.8312762,1.0400878
