lambda_filter,lambda_anti_filter,lambda_ewc,plasticity,stability,p1,p2,p1_null,p2_null,p1_range,p2_range,p1_embedding,p2_embedding,p1_embedding_null,p2_embedding_null,p1_embedding_range,p2_embedding_range
1.0,1.0,32.61449000108765,0.7023246245628472,0.6378672893559059,0.47066602,1.1020942,0.25044084,0.71601015,0.37668878,0.9019408,3.1885307,1.2292022,1.88109,0.66218436,2.7667556,1.0092692
