lambda_filter,lambda_anti_filter,lambda_ewc,plasticity,stability,p1,p2,p1_null,p2_null,p1_range,p2_range,p1_embedding,p2_embedding,p1_embedding_null,p2_embedding_null,p1_embedding_range,p2_embedding_range
1.0,1.0,2.315282342319425,0.7039703764657478,0.6294999027048064,0.47611362,1.1193761,0.25321382,0.72374314,0.38007492,0.9210093,3.2419477,1.2636889,1.9292899,0.67771906,2.8328722,1.0408387
