lambda_filter,lambda_anti_filter,lambda_ewc,plasticity,stability,p1,p2,p1_null,p2_null,p1_range,p2_range,p1_embedding,p2_embedding,p1_embedding_null,p2_embedding_null,p1_embedding_range,p2_embedding_range
1.0,1.0,18.11090621689138,0.7025303435507098,0.6335863008367386,0.47325063,1.1101844,0.2517545,0.7196634,0.37829715,0.9108429,3.213096,1.244977,1.9027641,0.66913855,2.7970083,1.0238104
