lambda_filter,lambda_anti_filter,lambda_ewc,plasticity,stability,p1,p2,p1_null,p2_null,p1_range,p2_range,p1_embedding,p2_embedding,p1_embedding_null,p2_embedding_null,p1_embedding_range,p2_embedding_range
1.0,1.0,2032.8003058469822,0.6615922649660564,0.7267950963222417,0.3093039,0.6962795,0.19888228,0.4669103,0.24487074,0.5424039,2.1008325,0.79817635,1.307054,0.45828164,1.7417595,0.62717795
