lambda_filter,lambda_anti_filter,lambda_ewc,plasticity,stability,p1,p2,p1_null,p2_null,p1_range,p2_range,p1_embedding,p2_embedding,p1_embedding_null,p2_embedding_null,p1_embedding_range,p2_embedding_range
1.0,1.0,131.47139878661176,0.7000617156963588,0.6557696049815139,0.45398808,1.0540124,0.24241988,0.6930287,0.36621386,0.8501308,3.0535107,1.1481115,1.7785326,0.63059753,2.6092799,0.9316793
