lambda_filter,lambda_anti_filter,lambda_ewc,plasticity,stability,p1,p2,p1_null,p2_null,p1_range,p2_range,p1_embedding,p2_embedding,p1_embedding_null,p2_embedding_null,p1_embedding_range,p2_embedding_range
1.0,1.0,0.820791680099463,0.7037646574778852,0.6287215411558669,0.47638372,1.1202668,0.2533527,0.72413474,0.38024107,0.9219974,3.2448046,1.2655497,1.9319781,0.6785916,2.8364499,1.0425191
