lambda_filter,lambda_anti_filter,lambda_ewc,plasticity,stability,p1,p2,p1_null,p2_null,p1_range,p2_range,p1_embedding,p2_embedding,p1_embedding_null,p2_embedding_null,p1_embedding_range,p2_embedding_range
1.0,1.0,14.5307057393346,0.7029417815264349,0.633002529675034,0.47389692,1.1122317,0.25208548,0.72057885,0.37869903,0.91310215,3.2194507,1.2490761,1.9085015,0.6709883,2.8048654,1.0275602
