lambda_filter,lambda_anti_filter,lambda_ewc,plasticity,stability,p1,p2,p1_null,p2_null,p1_range,p2_range,p1_embedding,p2_embedding,p1_embedding_null,p2_embedding_null,p1_embedding_range,p2_embedding_range
1.0,1.0,1790.6503273639014,0.6644723307961324,0.7238762405137186,0.31955847,0.7216065,0.20369612,0.48476112,0.25557843,0.56019145,2.1644564,0.8198343,1.3443735,0.4729059,1.7915171,0.64244145
