lambda_filter,lambda_anti_filter,lambda_ewc,plasticity,stability,p1,p2,p1_null,p2_null,p1_range,p2_range,p1_embedding,p2_embedding,p1_embedding_null,p2_embedding_null,p1_embedding_range,p2_embedding_range
1.0,1.0,41.818517986524135,0.7021189055749846,0.6392294220665499,0.46904206,1.0971211,0.249625,0.71373594,0.3756758,0.89649206,3.173733,1.2198198,1.8684607,0.65817094,2.7487602,1.000539
