lambda_filter,lambda_anti_filter,lambda_ewc,plasticity,stability,p1,p2,p1_null,p2_null,p1_range,p2_range,p1_embedding,p2_embedding,p1_embedding_null,p2_embedding_null,p1_embedding_range,p2_embedding_range
1.0,1.0,104.20152176161591,0.7008845916478091,0.6516832068495816,0.45843253,1.0662209,0.24430534,0.69907814,0.36902127,0.86308914,3.0863388,1.166759,1.8008634,0.6372587,2.646284,0.9499452
