lambda_filter,lambda_anti_filter,lambda_ewc,plasticity,stability,p1,p2,p1_null,p2_null,p1_range,p2_range,p1_embedding,p2_embedding,p1_embedding_null,p2_embedding_null,p1_embedding_range,p2_embedding_range
1.0,1.0,1103.18805085416,0.6722896523349106,0.7137575403775054,0.35173607,0.81214327,0.217863,0.5470197,0.2915647,0.62763864,2.4035985,0.8989631,1.4739213,0.52424115,1.9833177,0.7006795
