lambda_filter,lambda_anti_filter,lambda_ewc,plasticity,stability,p1,p2,p1_null,p2_null,p1_range,p2_range,p1_embedding,p2_embedding,p1_embedding_null,p2_embedding_null,p1_embedding_range,p2_embedding_range
1.0,1.0,3.1746552892531366,0.7037646574778852,0.6296944930920413,0.4759543,1.1188653,0.25313398,0.7235183,0.37997475,0.9204427,3.2403154,1.2626269,1.9277623,0.6772226,2.8308315,1.0398782
