lambda_filter,lambda_anti_filter,lambda_ewc,plasticity,stability,p1,p2,p1_null,p2_null,p1_range,p2_range,p1_embedding,p2_embedding,p1_embedding_null,p2_embedding_null,p1_embedding_range,p2_embedding_range
1.0,1.0,0.135154708920999,0.7037646574778852,0.6285269507686321,0.47650892,1.1206774,0.253417,0.7243148,0.38031906,0.9224528,3.2461278,1.2664099,1.9332205,0.6789953,2.838107,1.0432956
