lambda_filter,lambda_anti_filter,lambda_ewc,plasticity,stability,p1,p2,p1_null,p2_null,p1_range,p2_range,p1_embedding,p2_embedding,p1_embedding_null,p2_embedding_null,p1_embedding_range,p2_embedding_range
1.0,1.0,21101.034285685964,0.6146883357333882,0.7602646429266394,0.093017235,0.22641814,0.05323969,0.13246897,0.07444922,0.19317721,0.8341248,0.3427907,0.596221,0.21989805,0.6543951,0.25892964
