lambda_filter,lambda_anti_filter,lambda_ewc,plasticity,stability,p1,p2,p1_null,p2_null,p1_range,p2_range,p1_embedding,p2_embedding,p1_embedding_null,p2_embedding_null,p1_embedding_range,p2_embedding_range
1.0,1.0,0.46273335620113,0.7037646574778852,0.6287215411558669,0.47644925,1.1204814,0.2533862,0.72422886,0.3802818,0.9222355,3.245497,1.2659992,1.9326278,0.6788026,2.837315,1.0429249
