lambda_filter,lambda_anti_filter,lambda_ewc,plasticity,stability,p1,p2,p1_null,p2_null,p1_range,p2_range,p1_embedding,p2_embedding,p1_embedding_null,p2_embedding_null,p1_embedding_range,p2_embedding_range
1.0,1.0,0.7999285067824768,0.7037646574778852,0.6287215411558669,0.47638774,1.1202793,0.25335473,0.7241404,0.3802435,0.9220113,3.244845,1.2655759,1.9320167,0.67860407,2.8365,1.0425427
