lambda_filter,lambda_anti_filter,lambda_ewc,plasticity,stability,p1,p2,p1_null,p2_null,p1_range,p2_range,p1_embedding,p2_embedding,p1_embedding_null,p2_embedding_null,p1_embedding_range,p2_embedding_range
1.0,1.0,6.1755609189369265,0.7037646574778852,0.6306674450282156,0.47541124,1.1170914,0.2528537,0.7227354,0.37963834,0.9184774,3.2346783,1.2589588,1.9225097,0.67551786,2.823795,1.0365555
