lambda_filter,lambda_anti_filter,lambda_ewc,plasticity,stability,p1,p2,p1_null,p2_null,p1_range,p2_range,p1_embedding,p2_embedding,p1_embedding_null,p2_embedding_null,p1_embedding_range,p2_embedding_range
1.0,1.0,2.9409016404034496,0.7037646574778852,0.6298890834792761,0.47599742,1.119004,0.25315654,0.72357947,0.38000178,0.9205965,3.2407584,1.2629149,1.9281783,0.6773574,2.8313844,1.0401386
