lambda_filter,lambda_anti_filter,lambda_ewc,plasticity,stability,p1,p2,p1_null,p2_null,p1_range,p2_range,p1_embedding,p2_embedding,p1_embedding_null,p2_embedding_null,p1_embedding_range,p2_embedding_range
1.0,1.0,1128.9339380332217,0.6716724953713228,0.7139521307647402,0.3504483,0.8080894,0.21732011,0.5442889,0.29003677,0.62445796,2.3925376,0.8953685,1.4683605,0.52202684,1.9741765,0.6979144
