lambda_filter,lambda_anti_filter,lambda_ewc,plasticity,stability,p1,p2,p1_null,p2_null,p1_range,p2_range,p1_embedding,p2_embedding,p1_embedding_null,p2_embedding_null,p1_embedding_range,p2_embedding_range
1.0,1.0,0.5494950393146318,0.7037646574778852,0.6287215411558669,0.47643352,1.1204292,0.2533788,0.7242062,0.38027185,0.9221774,3.2453275,1.2658896,1.9324684,0.6787509,2.8371046,1.0428262
