lambda_filter,lambda_anti_filter,lambda_ewc,plasticity,stability,p1,p2,p1_null,p2_null,p1_range,p2_range,p1_embedding,p2_embedding,p1_embedding_null,p2_embedding_null,p1_embedding_range,p2_embedding_range
1.0,1.0,7.431909292866257,0.7037646574778852,0.6306674450282156,0.4751811,1.1163536,0.2527387,0.72241,0.3794963,0.9176599,3.2323484,1.2574434,1.9203483,0.67481744,2.8208926,1.0351801
