lambda_filter,lambda_anti_filter,lambda_ewc,plasticity,stability,p1,p2,p1_null,p2_null,p1_range,p2_range,p1_embedding,p2_embedding,p1_embedding_null,p2_embedding_null,p1_embedding_range,p2_embedding_range
1.0,1.0,2.6354699612933197,0.7037646574778852,0.6296944930920413,0.4760534,1.1191859,0.25318587,0.7236596,0.3800369,0.92079794,3.2413404,1.2632935,1.928721,0.6775337,2.832112,1.0404814
