lambda_filter,lambda_anti_filter,lambda_ewc,plasticity,stability,p1,p2,p1_null,p2_null,p1_range,p2_range,p1_embedding,p2_embedding,p1_embedding_null,p2_embedding_null,p1_embedding_range,p2_embedding_range
1.0,1.0,71589.41085964888,0.6002880065830076,0.7711617046117922,0.035479404,0.08369026,0.020724563,0.05423089,0.029950436,0.07510116,0.40174454,0.16437317,0.37856942,0.14029677,0.22550076,0.084821396
