lambda_filter,lambda_anti_filter,lambda_ewc,plasticity,stability,p1,p2,p1_null,p2_null,p1_range,p2_range,p1_embedding,p2_embedding,p1_embedding_null,p2_embedding_null,p1_embedding_range,p2_embedding_range
1.0,1.0,0.08401435917833111,0.7037646574778852,0.6285269507686321,0.476518,1.1207078,0.25342152,0.72432834,0.38032457,0.92248654,3.2462287,1.2664744,1.9333146,0.6790259,2.8382318,1.0433537
