lambda_filter,lambda_anti_filter,lambda_ewc,plasticity,stability,p1,p2,p1_null,p2_null,p1_range,p2_range,p1_embedding,p2_embedding,p1_embedding_null,p2_embedding_null,p1_embedding_range,p2_embedding_range
1.0,1.0,0.44597292179201986,0.7037646574778852,0.6287215411558669,0.47645232,1.1204914,0.2533878,0.7242332,0.38028362,0.9222466,3.2455282,1.2660197,1.9326568,0.67881197,2.8373544,1.0429436
