lambda_filter,lambda_anti_filter,lambda_ewc,plasticity,stability,p1,p2,p1_null,p2_null,p1_range,p2_range,p1_embedding,p2_embedding,p1_embedding_null,p2_embedding_null,p1_embedding_range,p2_embedding_range
1.0,1.0,8392.129498166365,0.6292943838716314,0.747421677369138,0.1627641,0.39912513,0.11303404,0.25057185,0.13426211,0.330152,1.3666626,0.5354785,0.849574,0.2957289,1.1344682,0.43596
