lambda_filter,lambda_anti_filter,lambda_ewc,plasticity,stability,p1,p2,p1_null,p2_null,p1_range,p2_range,p1_embedding,p2_embedding,p1_embedding_null,p2_embedding_null,p1_embedding_range,p2_embedding_range
1.0,1.0,160.14142772530198,0.699444558732771,0.658493870402802,0.4494342,1.0418812,0.2406735,0.68686825,0.36332688,0.83740205,3.0216188,1.1307436,1.7582961,0.6246622,2.5737941,0.91446686
