lambda_filter,lambda_anti_filter,lambda_ewc,plasticity,stability,p1,p2,p1_null,p2_null,p1_range,p2_range,p1_embedding,p2_embedding,p1_embedding_null,p2_embedding_null,p1_embedding_range,p2_embedding_range
1.0,1.0,364.22673643081754,0.6914215182061304,0.6804825841603425,0.41994274,0.9704942,0.23416862,0.6476341,0.3443848,0.76578486,2.8373241,1.0461553,1.6646351,0.59658617,2.3783712,0.82978207
