lambda_filter,lambda_anti_filter,lambda_ewc,plasticity,stability,p1,p2,p1_null,p2_null,p1_range,p2_range,p1_embedding,p2_embedding,p1_embedding_null,p2_embedding_null,p1_embedding_range,p2_embedding_range
1.0,1.0,0.6225952870780875,0.7037646574778852,0.6287215411558669,0.47642,1.1203854,0.25337166,0.72418684,0.38026336,0.9221291,3.2451892,1.2657993,1.9323393,0.67870885,2.8369298,1.0427443
