lambda_filter,lambda_anti_filter,lambda_ewc,plasticity,stability,p1,p2,p1_null,p2_null,p1_range,p2_range,p1_embedding,p2_embedding,p1_embedding_null,p2_embedding_null,p1_embedding_range,p2_embedding_range
1.0,1.0,19.479120966650854,0.7025303435507098,0.6339754816112084,0.4730051,1.1094073,0.2516308,0.7193154,0.37814406,0.90998584,3.2107048,1.2434362,1.9006207,0.66844887,2.7940526,1.0223969
