lambda_filter,lambda_anti_filter,lambda_ewc,plasticity,stability,p1,p2,p1_null,p2_null,p1_range,p2_range,p1_embedding,p2_embedding,p1_embedding_null,p2_embedding_null,p1_embedding_range,p2_embedding_range
1.0,1.0,4251.346334528682,0.6439004320098745,0.7349678925861063,0.23624188,0.5416499,0.16028628,0.35488662,0.18724036,0.43568966,1.7308865,0.6674207,1.0769345,0.37161288,1.4470165,0.53581667
