lambda_filter,lambda_anti_filter,lambda_ewc,plasticity,stability,p1,p2,p1_null,p2_null,p1_range,p2_range,p1_embedding,p2_embedding,p1_embedding_null,p2_embedding_null,p1_embedding_range,p2_embedding_range
1.0,1.0,1.043197320195271,0.7037646574778852,0.6287215411558669,0.4763438,1.1201336,0.2533305,0.7240757,0.38021678,0.92185014,3.2443717,1.2652702,1.9315766,0.67846113,2.83591,1.0422664
