lambda_filter,lambda_anti_filter,lambda_ewc,plasticity,stability,p1,p2,p1_null,p2_null,p1_range,p2_range,p1_embedding,p2_embedding,p1_embedding_null,p2_embedding_null,p1_embedding_range,p2_embedding_range
1.0,1.0,1.6026478819690055,0.7039703764657478,0.6291107219303367,0.47624266,1.1198004,0.25327882,0.723929,0.38015467,0.9214803,3.2433107,1.2645758,1.9305702,0.67813474,2.834578,1.0416397
