lambda_filter,lambda_anti_filter,lambda_ewc,plasticity,stability,p1,p2,p1_null,p2_null,p1_range,p2_range,p1_embedding,p2_embedding,p1_embedding_null,p2_embedding_null,p1_embedding_range,p2_embedding_range
1.0,1.0,0.39683511798873994,0.7037646574778852,0.6287215411558669,0.47646058,1.1205207,0.25339246,0.72424626,0.38028878,0.922279,3.2456224,1.2660805,1.9327451,0.67884064,2.8374722,1.0429986
