lambda_filter,lambda_anti_filter,lambda_ewc,plasticity,stability,p1,p2,p1_null,p2_null,p1_range,p2_range,p1_embedding,p2_embedding,p1_embedding_null,p2_embedding_null,p1_embedding_range,p2_embedding_range
1.0,1.0,67580.8116816111,0.6013166015223205,0.7707725238373224,0.03749612,0.08790204,0.021825327,0.056524403,0.031009126,0.07879503,0.4155,0.1705419,0.38991645,0.14458454,0.23727062,0.08954745
