lambda_filter,lambda_anti_filter,lambda_ewc,plasticity,stability,p1,p2,p1_null,p2_null,p1_range,p2_range,p1_embedding,p2_embedding,p1_embedding_null,p2_embedding_null,p1_embedding_range,p2_embedding_range
1.0,1.0,14592.657991557577,0.6218885003085785,0.7550107024712979,0.11661966,0.29110155,0.07414117,0.17485769,0.0952103,0.24508466,1.0452124,0.41869646,0.675818,0.24521723,0.8470229,0.33342183
