lambda_filter,lambda_anti_filter,lambda_ewc,plasticity,stability,p1,p2,p1_null,p2_null,p1_range,p2_range,p1_embedding,p2_embedding,p1_embedding_null,p2_embedding_null,p1_embedding_range,p2_embedding_range
1.0,1.0,16.22805447131394,0.7027360625385723,0.6333917104495038,0.4735891,1.1112589,0.25192836,0.7201436,0.37850827,0.9120283,3.2164278,1.247124,1.9057635,0.6701058,2.8011236,1.0257754
