lambda_filter,lambda_anti_filter,lambda_ewc,plasticity,stability,p1,p2,p1_null,p2_null,p1_range,p2_range,p1_embedding,p2_embedding,p1_embedding_null,p2_embedding_null,p1_embedding_range,p2_embedding_range
1.0,1.0,0.5141893253043521,0.7037646574778852,0.6287215411558669,0.4764398,1.1204506,0.2533819,0.7242155,0.38027582,0.9222011,3.2453983,1.2659347,1.9325346,0.67877215,2.8371916,1.0428667
