lambda_filter,lambda_anti_filter,lambda_ewc,plasticity,stability,p1,p2,p1_null,p2_null,p1_range,p2_range,p1_embedding,p2_embedding,p1_embedding_null,p2_embedding_null,p1_embedding_range,p2_embedding_range
1.0,1.0,3186.8912926776457,0.6519234725365152,0.7314652656158785,0.26712856,0.6029487,0.17745712,0.3997852,0.20728435,0.47834414,1.8761003,0.71952385,1.1690922,0.40535036,1.5646305,0.5724683
