lambda_filter,lambda_anti_filter,lambda_ewc,plasticity,stability,p1,p2,p1_null,p2_null,p1_range,p2_range,p1_embedding,p2_embedding,p1_embedding_null,p2_embedding_null,p1_embedding_range,p2_embedding_range
1.0,1.0,0.07159339982267121,0.7037646574778852,0.6285269507686321,0.47652015,1.120715,0.25342256,0.7243315,0.3803259,0.92249477,3.2462542,1.2664907,1.9333378,0.6790334,2.8382638,1.0433685
