lambda_filter,lambda_anti_filter,lambda_ewc,plasticity,stability,p1,p2,p1_null,p2_null,p1_range,p2_range,p1_embedding,p2_embedding,p1_embedding_null,p2_embedding_null,p1_embedding_range,p2_embedding_range
1.0,1.0,4662.034929742731,0.6416375231433862,0.7361354349095155,0.22594771,0.5220146,0.15451974,0.34044132,0.1804925,0.42171672,1.6836123,0.65036285,1.0468152,0.3609339,1.4077886,0.52359366
