lambda_filter,lambda_anti_filter,lambda_ewc,plasticity,stability,p1,p2,p1_null,p2_null,p1_range,p2_range,p1_embedding,p2_embedding,p1_embedding_null,p2_embedding_null,p1_embedding_range,p2_embedding_range
1.0,1.0,33.39826489022924,0.7023246245628472,0.637672698968671,0.47052544,1.1016663,0.2503695,0.71581537,0.3766004,0.9014718,3.1872473,1.2283851,1.8799822,0.66183114,2.7651882,1.0085117
