lambda_filter,lambda_anti_filter,lambda_ewc,plasticity,stability,p1,p2,p1_null,p2_null,p1_range,p2_range,p1_embedding,p2_embedding,p1_embedding_null,p2_embedding_null,p1_embedding_range,p2_embedding_range
1.0,1.0,1.4009348768606524,0.7039703764657478,0.6289161315431018,0.47627997,1.1199207,0.2532979,0.72398216,0.3801777,0.92161363,3.2436948,1.2648265,1.930934,0.6782529,2.8350587,1.0418656
