lambda_filter,lambda_anti_filter,lambda_ewc,plasticity,stability,p1,p2,p1_null,p2_null,p1_range,p2_range,p1_embedding,p2_embedding,p1_embedding_null,p2_embedding_null,p1_embedding_range,p2_embedding_range
1.0,1.0,7059.717714137772,0.6332030446410204,0.7446974119478498,0.18023002,0.4346605,0.12581474,0.2763303,0.1482217,0.35733426,1.4630522,0.57046527,0.9079445,0.3141454,1.2190533,0.46384418
