lambda_filter,lambda_anti_filter,lambda_ewc,plasticity,stability,p1,p2,p1_null,p2_null,p1_range,p2_range,p1_embedding,p2_embedding,p1_embedding_null,p2_embedding_null,p1_embedding_range,p2_embedding_range
1.0,1.0,1.0908376905557504,0.7037646574778852,0.6287215411558669,0.47633538,1.1201053,0.25332615,0.72406316,0.3802118,0.9218186,3.2442825,1.2652117,1.931492,0.6784338,2.8357973,1.0422134
