lambda_filter,lambda_anti_filter,lambda_ewc,plasticity,stability,p1,p2,p1_null,p2_null,p1_range,p2_range,p1_embedding,p2_embedding,p1_embedding_null,p2_embedding_null,p1_embedding_range,p2_embedding_range
1.0,1.0,711.6115430111745,0.6807241308372762,0.7013037555944737,0.3807229,0.883559,0.22626773,0.59408575,0.31711006,0.6864972,2.6016724,0.96308386,1.5657425,0.56064105,2.153626,0.75281763
