lambda_filter,lambda_anti_filter,lambda_ewc,plasticity,stability,p1,p2,p1_null,p2_null,p1_range,p2_range,p1_embedding,p2_embedding,p1_embedding_null,p2_embedding_null,p1_embedding_range,p2_embedding_range
1.0,1.0,16.62975375287206,0.7027360625385723,0.6333917104495038,0.47351813,1.1110293,0.25189185,0.7200409,0.3784647,0.9117751,3.215708,1.2466619,1.9051138,0.66989625,2.800238,1.0253538
