lambda_filter,lambda_anti_filter,lambda_ewc,plasticity,stability,p1,p2,p1_null,p2_null,p1_range,p2_range,p1_embedding,p2_embedding,p1_embedding_null,p2_embedding_null,p1_embedding_range,p2_embedding_range
1.0,1.0,19.956623994804332,0.7025303435507098,0.6339754816112084,0.47291893,1.109137,0.25158766,0.7191937,0.37809062,0.90968794,3.2098768,1.2429018,1.8998772,0.6682096,2.793029,1.0219069
