lambda_filter,lambda_anti_filter,lambda_ewc,plasticity,stability,p1,p2,p1_null,p2_null,p1_range,p2_range,p1_embedding,p2_embedding,p1_embedding_null,p2_embedding_null,p1_embedding_range,p2_embedding_range
1.0,1.0,10.777987011971193,0.70335321950216,0.63164039696439,0.4745753,1.1144004,0.2524296,0.72154444,0.37912068,0.9154985,3.2262137,1.2534574,1.9146835,0.6729842,2.813259,1.0315561
