lambda_filter,lambda_anti_filter,lambda_ewc,plasticity,stability,p1,p2,p1_null,p2_null,p1_range,p2_range,p1_embedding,p2_embedding,p1_embedding_null,p2_embedding_null,p1_embedding_range,p2_embedding_range
1.0,1.0,1632.853877809862,0.6655009257354454,0.7221249270286048,0.3265345,0.7396541,0.20688482,0.49737218,0.263047,0.57310045,2.2106612,0.83539516,1.3708285,0.48332432,1.8278373,0.65353924
