lambda_filter,lambda_anti_filter,lambda_ewc,plasticity,stability,p1,p2,p1_null,p2_null,p1_range,p2_range,p1_embedding,p2_embedding,p1_embedding_null,p2_embedding_null,p1_embedding_range,p2_embedding_range
1.0,1.0,1455.0059950206485,0.6683809915655214,0.7192060712200817,0.33468276,0.7617188,0.21052289,0.5126589,0.27198648,0.58920974,2.2682106,0.85457003,1.4028913,0.4959998,1.8733889,0.6674115
