lambda_filter,lambda_anti_filter,lambda_ewc,plasticity,stability,p1,p2,p1_null,p2_null,p1_range,p2_range,p1_embedding,p2_embedding,p1_embedding_null,p2_embedding_null,p1_embedding_range,p2_embedding_range
1.0,1.0,4.898896425508497,0.7037646574778852,0.6302782642537459,0.47564298,1.1178436,0.25297529,0.7230678,0.37978274,0.9193107,3.237069,1.2605134,1.9247357,0.6762392,2.8267765,1.0379643
