lambda_filter,lambda_anti_filter,lambda_ewc,plasticity,stability,p1,p2,p1_null,p2_null,p1_range,p2_range,p1_embedding,p2_embedding,p1_embedding_null,p2_embedding_null,p1_embedding_range,p2_embedding_range
1.0,1.0,136.13147177539457,0.7000617156963588,0.6565479665304534,0.45324227,1.0519944,0.2421337,0.6920149,0.36574242,0.84800273,3.0481656,1.1451461,1.7750459,0.6295669,2.6033013,0.9287535
