lambda_filter,lambda_anti_filter,lambda_ewc,plasticity,stability,p1,p2,p1_null,p2_null,p1_range,p2_range,p1_embedding,p2_embedding,p1_embedding_null,p2_embedding_null,p1_embedding_range,p2_embedding_range
1.0,1.0,37981.15306190736,0.6093396420489611,0.7659077641564507,0.062299374,0.14290988,0.035413254,0.085176215,0.050015748,0.12534086,0.5723136,0.2424115,0.4948102,0.18466054,0.39736316,0.15505956
