lambda_filter,lambda_anti_filter,lambda_ewc,plasticity,stability,p1,p2,p1_null,p2_null,p1_range,p2_range,p1_embedding,p2_embedding,p1_embedding_null,p2_embedding_null,p1_embedding_range,p2_embedding_range
1.0,1.0,1438.3226447194065,0.668175272577659,0.7192060712200817,0.3354654,0.76389295,0.21087036,0.514157,0.2728535,0.5908188,2.2739437,0.85646755,1.4060276,0.49724168,1.8779521,0.66879845
