lambda_filter,lambda_anti_filter,lambda_ewc,plasticity,stability,p1,p2,p1_null,p2_null,p1_range,p2_range,p1_embedding,p2_embedding,p1_embedding_null,p2_embedding_null,p1_embedding_range,p2_embedding_range
1.0,1.0,4.3177231778509695,0.7037646574778852,0.6302782642537459,0.47574785,1.1181878,0.2530284,0.7232194,0.3798477,0.9196921,3.2381604,1.2612243,1.9257518,0.6765692,2.82814,1.0386087
