lambda_filter,lambda_anti_filter,lambda_ewc,plasticity,stability,p1,p2,p1_null,p2_null,p1_range,p2_range,p1_embedding,p2_embedding,p1_embedding_null,p2_embedding_null,p1_embedding_range,p2_embedding_range
1.0,1.0,6898.837121430019,0.6338202016046081,0.7443082311733801,0.18253835,0.43944564,0.12749675,0.27982005,0.15006982,0.3609537,1.4757159,0.57505316,0.91575474,0.31666532,1.230084,0.46741256
