lambda_filter,lambda_anti_filter,lambda_ewc,plasticity,stability,p1,p2,p1_null,p2_null,p1_range,p2_range,p1_embedding,p2_embedding,p1_embedding_null,p2_embedding_null,p1_embedding_range,p2_embedding_range
1.0,1.0,275.9761935036891,0.6953301789755194,0.6732827398326523,0.4321214,0.9986794,0.23633933,0.6637174,0.35225552,0.7933666,2.9104154,1.076657,1.6981004,0.6069964,2.4538693,0.860164
