lambda_filter,lambda_anti_filter,lambda_ewc,plasticity,stability,p1,p2,p1_null,p2_null,p1_range,p2_range,p1_embedding,p2_embedding,p1_embedding_null,p2_embedding_null,p1_embedding_range,p2_embedding_range
1.0,1.0,1614.1326935030913,0.6655009257354454,0.72193033664137,0.32737786,0.74188596,0.20726556,0.4989246,0.26396152,0.57471323,2.216418,0.8373253,1.3740798,0.4846089,1.8323835,0.6549252
