lambda_filter,lambda_anti_filter,lambda_ewc,plasticity,stability,p1,p2,p1_null,p2_null,p1_range,p2_range,p1_embedding,p2_embedding,p1_embedding_null,p2_embedding_null,p1_embedding_range,p2_embedding_range
1.0,1.0,2.5938136638046276,0.7039703764657478,0.6296944930920413,0.47606134,1.1192106,0.25318977,0.72367054,0.380042,0.92082524,3.2414172,1.2633444,1.9287944,0.6775575,2.8322096,1.0405275
