lambda_filter,lambda_anti_filter,lambda_ewc,plasticity,stability,p1,p2,p1_null,p2_null,p1_range,p2_range,p1_embedding,p2_embedding,p1_embedding_null,p2_embedding_null,p1_embedding_range,p2_embedding_range
1.0,1.0,4.19655724382766,0.7037646574778852,0.6302782642537459,0.47576898,1.1182597,0.25303954,0.72325087,0.37986058,0.9197718,3.2383895,1.2613723,1.9259639,0.67663795,2.8284254,1.0387429
