lambda_filter,lambda_anti_filter,lambda_ewc,plasticity,stability,p1,p2,p1_null,p2_null,p1_range,p2_range,p1_embedding,p2_embedding,p1_embedding_null,p2_embedding_null,p1_embedding_range,p2_embedding_range
1.0,1.0,648.8495354469889,0.682781320715902,0.6976065382370111,0.3864091,0.89716226,0.22764993,0.6027855,0.32166475,0.69833773,2.6394775,0.9755247,1.581831,0.56688875,2.1878219,0.7636447
