lambda_filter,lambda_anti_filter,lambda_ewc,plasticity,stability,p1,p2,p1_null,p2_null,p1_range,p2_range,p1_embedding,p2_embedding,p1_embedding_null,p2_embedding_null,p1_embedding_range,p2_embedding_range
1.0,1.0,0.41302599059953393,0.7037646574778852,0.6287215411558669,0.47645795,1.1205109,0.25339088,0.724242,0.38028705,0.9222682,3.2455902,1.2660601,1.9327147,0.6788307,2.8374326,1.0429802
