lambda_filter,lambda_anti_filter,lambda_ewc,plasticity,stability,p1,p2,p1_null,p2_null,p1_range,p2_range,p1_embedding,p2_embedding,p1_embedding_null,p2_embedding_null,p1_embedding_range,p2_embedding_range
1.0,1.0,1.373424250023867,0.7039703764657478,0.6289161315431018,0.47628468,1.119937,0.2533006,0.7239894,0.38018048,0.9216316,3.2437484,1.2648607,1.9309845,0.6782692,2.8351243,1.0418965
