lambda_filter,lambda_anti_filter,lambda_ewc,plasticity,stability,p1,p2,p1_null,p2_null,p1_range,p2_range,p1_embedding,p2_embedding,p1_embedding_null,p2_embedding_null,p1_embedding_range,p2_embedding_range
1.0,1.0,15.077044216738237,0.7027360625385723,0.6331971200622689,0.47379637,1.1119188,0.2520345,0.7204388,0.37863678,0.91275656,3.2184749,1.2484446,1.9076148,0.6707025,2.8036554,1.0269831
