lambda_filter,lambda_anti_filter,lambda_ewc,plasticity,stability,p1,p2,p1_null,p2_null,p1_range,p2_range,p1_embedding,p2_embedding,p1_embedding_null,p2_embedding_null,p1_embedding_range,p2_embedding_range
1.0,1.0,1559.246414366368,0.6665295206747582,0.7211519750924305,0.32987094,0.74854815,0.20838489,0.503551,0.26667547,0.57954854,2.233686,0.843101,1.3837888,0.48844516,1.846037,0.6590841
