lambda_filter,lambda_anti_filter,lambda_ewc,plasticity,stability,p1,p2,p1_null,p2_null,p1_range,p2_range,p1_embedding,p2_embedding,p1_embedding_null,p2_embedding_null,p1_embedding_range,p2_embedding_range
1.0,1.0,1.632815465648021,0.7039703764657478,0.6291107219303367,0.47623706,1.1197826,0.25327635,0.72392136,0.3801511,0.92146033,3.2432532,1.2645382,1.9305147,0.67811674,2.834507,1.0416061
