lambda_filter,lambda_anti_filter,lambda_ewc,plasticity,stability,p1,p2,p1_null,p2_null,p1_range,p2_range,p1_embedding,p2_embedding,p1_embedding_null,p2_embedding_null,p1_embedding_range,p2_embedding_range
1.0,1.0,154.66543592710622,0.6998559967084962,0.6573263280793928,0.4502967,1.0441461,0.24100457,0.6880296,0.3638753,0.8397671,3.027539,1.133904,1.7619401,0.62572664,2.5803378,0.9176111
