lambda_filter,lambda_anti_filter,lambda_ewc,plasticity,stability,p1,p2,p1_null,p2_null,p1_range,p2_range,p1_embedding,p2_embedding,p1_embedding_null,p2_embedding_null,p1_embedding_range,p2_embedding_range
1.0,1.0,0.5674554102055953,0.7037646574778852,0.6287215411558669,0.47642988,1.1204183,0.25337705,0.7242013,0.3802696,0.9221654,3.2452927,1.2658672,1.9324367,0.67874056,2.837061,1.0428059
