lambda_filter,lambda_anti_filter,lambda_ewc,plasticity,stability,p1,p2,p1_null,p2_null,p1_range,p2_range,p1_embedding,p2_embedding,p1_embedding_null,p2_embedding_null,p1_embedding_range,p2_embedding_range
1.0,1.0,5.852291595284063,0.7037646574778852,0.6306674450282156,0.47547054,1.1172817,0.2528845,0.72281975,0.37967584,0.9186883,3.2352803,1.2593511,1.9230703,0.67569935,2.824547,1.0369114
