lambda_filter,lambda_anti_filter,lambda_ewc,plasticity,stability,p1,p2,p1_null,p2_null,p1_range,p2_range,p1_embedding,p2_embedding,p1_embedding_null,p2_embedding_null,p1_embedding_range,p2_embedding_range
1.0,1.0,2.3925833827409937,0.7039703764657478,0.6294999027048064,0.4760988,1.1193304,0.25320664,0.72372293,0.38006544,0.9209585,3.241801,1.2635932,1.9291527,0.67767423,2.832688,1.040752
