lambda_filter,lambda_anti_filter,lambda_ewc,plasticity,stability,p1,p2,p1_null,p2_null,p1_range,p2_range,p1_embedding,p2_embedding,p1_embedding_null,p2_embedding_null,p1_embedding_range,p2_embedding_range
1.0,1.0,0.18870769771190332,0.7037646574778852,0.6287215411558669,0.4764988,1.1206453,0.25341204,0.72430086,0.3803128,0.9224172,3.2460258,1.2663429,1.933124,0.6789637,2.8379781,1.0432354
