lambda_filter,lambda_anti_filter,lambda_ewc,plasticity,stability,p1,p2,p1_null,p2_null,p1_range,p2_range,p1_embedding,p2_embedding,p1_embedding_null,p2_embedding_null,p1_embedding_range,p2_embedding_range
1.0,1.0,1.7570233256095835,0.7039703764657478,0.6291107219303367,0.476215,1.1197087,0.2532655,0.72388923,0.3801372,0.9213782,3.243016,1.2643837,1.930291,0.6780439,2.8342104,1.0414666
