lambda_filter,lambda_anti_filter,lambda_ewc,plasticity,stability,p1,p2,p1_null,p2_null,p1_range,p2_range,p1_embedding,p2_embedding,p1_embedding_null,p2_embedding_null,p1_embedding_range,p2_embedding_range
1.0,1.0,60224.41201461928,0.6029623534252212,0.7697995719011481,0.041793127,0.096961446,0.024145849,0.06137579,0.034030855,0.08666632,0.44362295,0.18335597,0.41229144,0.15307912,0.26280814,0.0998738
