lambda_filter,lambda_anti_filter,lambda_ewc,plasticity,stability,p1,p2,p1_null,p2_null,p1_range,p2_range,p1_embedding,p2_embedding,p1_embedding_null,p2_embedding_null,p1_embedding_range,p2_embedding_range
1.0,1.0,2.2772948499233836,0.7039703764657478,0.6294999027048064,0.4761203,1.1193987,0.2532172,0.72375304,0.38007885,0.92103446,3.2420204,1.2637362,1.9293572,0.6777409,2.832964,1.0408815
