lambda_filter,lambda_anti_filter,lambda_ewc,plasticity,stability,p1,p2,p1_null,p2_null,p1_range,p2_range,p1_embedding,p2_embedding,p1_embedding_null,p2_embedding_null,p1_embedding_range,p2_embedding_range
1.0,1.0,3.738879609717653,0.7037646574778852,0.6298890834792761,0.47585148,1.11853,0.2530808,0.7233701,0.37991163,0.9200719,3.2392466,1.261932,1.9267652,0.67689836,2.8294983,1.0392497
