lambda_filter,lambda_anti_filter,lambda_ewc,plasticity,stability,p1,p2,p1_null,p2_null,p1_range,p2_range,p1_embedding,p2_embedding,p1_embedding_null,p2_embedding_null,p1_embedding_range,p2_embedding_range
1.0,1.0,1223.8646137509306,0.6706439004320098,0.7158980346370889,0.34574652,0.7936802,0.21532626,0.5345352,0.28453785,0.61328644,2.3534522,0.88262343,1.4483632,0.5140629,1.9420956,0.6882195
