lambda_filter,lambda_anti_filter,lambda_ewc,plasticity,stability,p1,p2,p1_null,p2_null,p1_range,p2_range,p1_embedding,p2_embedding,p1_embedding_null,p2_embedding_null,p1_embedding_range,p2_embedding_range
1.0,1.0,0.28857621318551807,0.7037646574778852,0.6287215411558669,0.47648036,1.1205851,0.2534029,0.7242746,0.38030124,0.92235047,3.2458308,1.266217,1.9329432,0.678905,2.8377337,1.0431213
