lambda_filter,lambda_anti_filter,lambda_ewc,plasticity,stability,p1,p2,p1_null,p2_null,p1_range,p2_range,p1_embedding,p2_embedding,p1_embedding_null,p2_embedding_null,p1_embedding_range,p2_embedding_range
1.0,1.0,58852.15775191451,0.6033737914009463,0.7697995719011481,0.04269457,0.0988799,0.02462873,0.06239115,0.034742422,0.08832079,0.4493583,0.18599874,0.41669855,0.1547596,0.26825395,0.10208695
