lambda_filter,lambda_anti_filter,lambda_ewc,plasticity,stability,p1,p2,p1_null,p2_null,p1_range,p2_range,p1_embedding,p2_embedding,p1_embedding_null,p2_embedding_null,p1_embedding_range,p2_embedding_range
1.0,1.0,4.698437059469139,0.7037646574778852,0.6302782642537459,0.47567856,1.1179621,0.2529931,0.7231201,0.37980452,0.91944194,3.2374437,1.2607574,1.925082,0.6763516,2.8272455,1.0381862
