lambda_filter,lambda_anti_filter,lambda_ewc,plasticity,stability,p1,p2,p1_null,p2_null,p1_range,p2_range,p1_embedding,p2_embedding,p1_embedding_null,p2_embedding_null,p1_embedding_range,p2_embedding_range
1.0,1.0,35.86095362172158,0.7021189055749846,0.6382564701303756,0.4700927,1.1003265,0.25015104,0.715204,0.37633184,0.9000024,3.183248,1.2258399,1.8765447,0.66073614,2.760307,1.0061469
