lambda_filter,lambda_anti_filter,lambda_ewc,plasticity,stability,p1,p2,p1_null,p2_null,p1_range,p2_range,p1_embedding,p2_embedding,p1_embedding_null,p2_embedding_null,p1_embedding_range,p2_embedding_range
1.0,1.0,0.7387624002162507,0.7037646574778852,0.6287215411558669,0.4763991,1.120316,0.2533605,0.72415644,0.3802505,0.92205197,3.2449627,1.2656523,1.9321259,0.6786396,2.8366475,1.042612
