lambda_filter,lambda_anti_filter,lambda_ewc,plasticity,stability,p1,p2,p1_null,p2_null,p1_range,p2_range,p1_embedding,p2_embedding,p1_embedding_null,p2_embedding_null,p1_embedding_range,p2_embedding_range
1.0,1.0,20.199534575360712,0.7025303435507098,0.6339754816112084,0.4728757,1.1090001,0.2515651,0.71913224,0.37806416,0.9095369,3.2094507,1.2426276,1.8994973,0.66808724,2.7925029,1.021655
