lambda_filter,lambda_anti_filter,lambda_ewc,plasticity,stability,p1,p2,p1_null,p2_null,p1_range,p2_range,p1_embedding,p2_embedding,p1_embedding_null,p2_embedding_null,p1_embedding_range,p2_embedding_range
1.0,1.0,2872.8126918510666,0.6533635054515532,0.7295193617435298,0.27760306,0.6248466,0.18302661,0.41569817,0.21420401,0.49334502,1.9279608,0.7379174,1.201534,0.41758636,1.6057838,0.58525753
