lambda_filter,lambda_anti_filter,lambda_ewc,plasticity,stability,p1,p2,p1_null,p2_null,p1_range,p2_range,p1_embedding,p2_embedding,p1_embedding_null,p2_embedding_null,p1_embedding_range,p2_embedding_range
1.0,1.0,0.23052400435926157,0.7037646574778852,0.6287215411558669,0.4764912,1.1206203,0.25340837,0.72429,0.38030794,0.9223893,3.2459414,1.2662891,1.9330459,0.6789383,2.8378737,1.0431868
