lambda_filter,lambda_anti_filter,lambda_ewc,plasticity,stability,p1,p2,p1_null,p2_null,p1_range,p2_range,p1_embedding,p2_embedding,p1_embedding_null,p2_embedding_null,p1_embedding_range,p2_embedding_range
1.0,1.0,3.3716022482485046,0.7037646574778852,0.6298890834792761,0.475918,1.1187482,0.2531159,0.7234666,0.3799525,0.9203132,3.2399454,1.2623851,1.9274132,0.6771095,2.8303688,1.03966
