lambda_filter,lambda_anti_filter,lambda_ewc,plasticity,stability,p1,p2,p1_null,p2_null,p1_range,p2_range,p1_embedding,p2_embedding,p1_embedding_null,p2_embedding_null,p1_embedding_range,p2_embedding_range
1.0,1.0,960.5746001432095,0.6751697181649866,0.7102549134072776,0.35980648,0.8358727,0.22089028,0.562888,0.3003478,0.6465935,2.4689062,0.92010176,1.5058062,0.5369275,2.038047,0.7172511
