lambda_filter,lambda_anti_filter,lambda_ewc,plasticity,stability,p1,p2,p1_null,p2_null,p1_range,p2_range,p1_embedding,p2_embedding,p1_embedding_null,p2_embedding_null,p1_embedding_range,p2_embedding_range
1.0,1.0,0.9287915080207783,0.7037646574778852,0.6287215411558669,0.47636455,1.1202024,0.2533425,0.7241063,0.38022915,0.9219261,3.2445936,1.2654138,1.9317836,0.6785285,2.8361862,1.042396
