lambda_filter,lambda_anti_filter,lambda_ewc,plasticity,stability,p1,p2,p1_null,p2_null,p1_range,p2_range,p1_embedding,p2_embedding,p1_embedding_null,p2_embedding_null,p1_embedding_range,p2_embedding_range
1.0,1.0,372.74257423910643,0.691627237193993,0.681260945709282,0.41881007,0.9679443,0.23396412,0.6461439,0.34365106,0.76333517,2.8306522,1.0435259,1.6617227,0.59563994,2.3716028,0.8271975
