lambda_filter,lambda_anti_filter,lambda_ewc,plasticity,stability,p1,p2,p1_null,p2_null,p1_range,p2_range,p1_embedding,p2_embedding,p1_embedding_null,p2_embedding_null,p1_embedding_range,p2_embedding_range
1.0,1.0,1326.770829355429,0.6698210244805596,0.717260167347733,0.34075463,0.77894336,0.2131793,0.5244886,0.2788096,0.6020689,2.3138769,0.8696499,1.4275683,0.50578994,1.9099969,0.6785139
