lambda_filter,lambda_anti_filter,lambda_ewc,plasticity,stability,p1,p2,p1_null,p2_null,p1_range,p2_range,p1_embedding,p2_embedding,p1_embedding_null,p2_embedding_null,p1_embedding_range,p2_embedding_range
1.0,1.0,7922.168624866254,0.6305286977988068,0.747421677369138,0.1686039,0.4108968,0.11731675,0.25907096,0.13892558,0.33921278,1.3990703,0.54725105,0.8689655,0.30176523,1.1629986,0.4454784
