lambda_filter,lambda_anti_filter,lambda_ewc,plasticity,stability,p1,p2,p1_null,p2_null,p1_range,p2_range,p1_embedding,p2_embedding,p1_embedding_null,p2_embedding_null,p1_embedding_range,p2_embedding_range
1.0,1.0,2.8957456157755033,0.7037646574778852,0.6298890834792761,0.47600588,1.1190313,0.25316027,0.7235915,0.380007,0.92062664,3.2408435,1.2629703,1.9282577,0.6773832,2.8314908,1.0401889
