lambda_filter,lambda_anti_filter,lambda_ewc,plasticity,stability,p1,p2,p1_null,p2_null,p1_range,p2_range,p1_embedding,p2_embedding,p1_embedding_null,p2_embedding_null,p1_embedding_range,p2_embedding_range
1.0,1.0,10.377741332214914,0.70335321950216,0.6314458065771551,0.4746478,1.1146328,0.25246567,0.7216473,0.37916553,0.9157558,3.2269385,1.253929,1.9153535,0.6732009,2.8141606,1.031985
