lambda_filter,lambda_anti_filter,lambda_ewc,plasticity,stability,p1,p2,p1_null,p2_null,p1_range,p2_range,p1_embedding,p2_embedding,p1_embedding_null,p2_embedding_null,p1_embedding_range,p2_embedding_range
1.0,1.0,1142.0311291144787,0.6716724953713228,0.71434131153921,0.34979153,0.80605084,0.21704431,0.5429133,0.2892644,0.6228648,2.3869863,0.89356184,1.4655529,0.5209085,1.9695976,0.69652957
