lambda_filter,lambda_anti_filter,lambda_ewc,plasticity,stability,p1,p2,p1_null,p2_null,p1_range,p2_range,p1_embedding,p2_embedding,p1_embedding_null,p2_embedding_null,p1_embedding_range,p2_embedding_range
1.0,1.0,22.789010410788933,0.7023246245628472,0.6353376143218525,0.47241482,1.10754,0.25133118,0.71847624,0.3777784,0.90792763,3.2049885,1.2397519,1.8955156,0.6668062,2.7869918,1.019013
