lambda_filter,lambda_anti_filter,lambda_ewc,plasticity,stability,p1,p2,p1_null,p2_null,p1_range,p2_range,p1_embedding,p2_embedding,p1_embedding_null,p2_embedding_null,p1_embedding_range,p2_embedding_range
1.0,1.0,15.451905877536625,0.7027360625385723,0.6331971200622689,0.47372836,1.1117035,0.25199944,0.7203422,0.37859485,0.9125192,3.2178075,1.2480139,1.9070123,0.67050827,2.8028295,1.0265887
