lambda_filter,lambda_anti_filter,lambda_ewc,plasticity,stability,p1,p2,p1_null,p2_null,p1_range,p2_range,p1_embedding,p2_embedding,p1_embedding_null,p2_embedding_null,p1_embedding_range,p2_embedding_range
1.0,1.0,4.019965133110082,0.7037646574778852,0.630083673866511,0.47580105,1.118364,0.25305519,0.7232972,0.37988022,0.9198874,3.2387207,1.2615888,1.9262764,0.6767397,2.8288388,1.0389382
