lambda_filter,lambda_anti_filter,lambda_ewc,plasticity,stability,p1,p2,p1_null,p2_null,p1_range,p2_range,p1_embedding,p2_embedding,p1_embedding_null,p2_embedding_null,p1_embedding_range,p2_embedding_range
1.0,1.0,1.6633327251749819,0.7039703764657478,0.6291107219303367,0.4762317,1.1197644,0.25327355,0.72391343,0.3801477,0.92144024,3.2431955,1.2645007,1.9304602,0.67809904,2.8344347,1.0415722
