lambda_filter,lambda_anti_filter,lambda_ewc,plasticity,stability,p1,p2,p1_null,p2_null,p1_range,p2_range,p1_embedding,p2_embedding,p1_embedding_null,p2_embedding_null,p1_embedding_range,p2_embedding_range
1.0,1.0,8.794696670695393,0.7037646574778852,0.6308620354154505,0.4749331,1.115556,0.2526109,0.7220564,0.37934256,0.9167773,3.2298317,1.255809,1.9180231,0.67406476,2.8177588,1.0336947
