lambda_filter,lambda_anti_filter,lambda_ewc,plasticity,stability,p1,p2,p1_null,p2_null,p1_range,p2_range,p1_embedding,p2_embedding,p1_embedding_null,p2_embedding_null,p1_embedding_range,p2_embedding_range
1.0,1.0,42620.588290153246,0.6060481382431598,0.7678536680287994,0.056721244,0.12985137,0.03228411,0.078445315,0.045707345,0.11451911,0.53607553,0.22627726,0.47524416,0.1772216,0.3582695,0.13898799
