lambda_filter,lambda_anti_filter,lambda_ewc,plasticity,stability,p1,p2,p1_null,p2_null,p1_range,p2_range,p1_embedding,p2_embedding,p1_embedding_null,p2_embedding_null,p1_embedding_range,p2_embedding_range
1.0,1.0,3.7938084950891096,0.7037646574778852,0.6298890834792761,0.4758413,1.118498,0.25307572,0.7233558,0.3799054,0.9200362,3.2391431,1.2618649,1.9266691,0.67686707,2.82937,1.0391891
