lambda_filter,lambda_anti_filter,lambda_ewc,plasticity,stability,p1,p2,p1_null,p2_null,p1_range,p2_range,p1_embedding,p2_embedding,p1_embedding_null,p2_embedding_null,p1_embedding_range,p2_embedding_range
1.0,1.0,2444.6166834524465,0.659329356099568,0.7285464098073555,0.2930504,0.6585414,0.19093996,0.44000155,0.22846404,0.51638067,2.008464,0.7662352,1.2513169,0.436646,1.6693532,0.6049093
