lambda_filter,lambda_anti_filter,lambda_ewc,plasticity,stability,p1,p2,p1_null,p2_null,p1_range,p2_range,p1_embedding,p2_embedding,p1_embedding_null,p2_embedding_null,p1_embedding_range,p2_embedding_range
1.0,1.0,17346.593592339326,0.619214153466365,0.7567620159564118,0.103145584,0.25983804,0.063746005,0.15397568,0.084456235,0.22004934,0.94438475,0.38236174,0.6345469,0.23262607,0.7555516,0.29848245
