lambda_filter,lambda_anti_filter,lambda_ewc,plasticity,stability,p1,p2,p1_null,p2_null,p1_range,p2_range,p1_embedding,p2_embedding,p1_embedding_null,p2_embedding_null,p1_embedding_range,p2_embedding_range
1.0,1.0,4.5685964442864115,0.7037646574778852,0.6302782642537459,0.47570276,1.1180394,0.2530051,0.72315407,0.37981963,0.91952753,3.2376869,1.2609162,1.9253111,0.6764258,2.8275487,1.0383297
