lambda_filter,lambda_anti_filter,lambda_ewc,plasticity,stability,p1,p2,p1_null,p2_null,p1_range,p2_range,p1_embedding,p2_embedding,p1_embedding_null,p2_embedding_null,p1_embedding_range,p2_embedding_range
1.0,1.0,1941.1746814890264,0.6626208599053692,0.7260167347733022,0.3131235,0.70555353,0.20069252,0.4734669,0.24882197,0.54887855,2.1239724,0.8060815,1.3207234,0.46363035,1.7598337,0.6327286
