lambda_filter,lambda_anti_filter,lambda_ewc,plasticity,stability,p1,p2,p1_null,p2_null,p1_range,p2_range,p1_embedding,p2_embedding,p1_embedding_null,p2_embedding_null,p1_embedding_range,p2_embedding_range
1.0,1.0,221.50887981283694,0.6971816498662826,0.6645261724070831,0.44005635,1.0179647,0.23774156,0.6742843,0.3573478,0.8127667,2.9598966,1.0994811,1.7231427,0.61441165,2.5064788,0.8831328
