lambda_filter,lambda_anti_filter,lambda_ewc,plasticity,stability,p1,p2,p1_null,p2_null,p1_range,p2_range,p1_embedding,p2_embedding,p1_embedding_null,p2_embedding_null,p1_embedding_range,p2_embedding_range
1.0,1.0,0.12214776820798035,0.7037646574778852,0.6285269507686321,0.4765113,1.120685,0.25341824,0.72431815,0.38032055,0.9224613,3.246154,1.2664262,1.9332445,0.679003,2.8381393,1.0433104
