lambda_filter,lambda_anti_filter,lambda_ewc,plasticity,stability,p1,p2,p1_null,p2_null,p1_range,p2_range,p1_embedding,p2_embedding,p1_embedding_null,p2_embedding_null,p1_embedding_range,p2_embedding_range
1.0,1.0,27.937530190509502,0.7025303435507098,0.6365051566452617,0.47149613,1.1046689,0.25086224,0.71717966,0.3772057,0.90476847,3.1962748,1.2341515,1.8878175,0.66433793,2.7762506,1.0138505
