lambda_filter,lambda_anti_filter,lambda_ewc,plasticity,stability,p1,p2,p1_null,p2_null,p1_range,p2_range,p1_embedding,p2_embedding,p1_embedding_null,p2_embedding_null,p1_embedding_range,p2_embedding_range
1.0,1.0,7.932045998580966,0.7037646574778852,0.6308620354154505,0.4750894,1.1160603,0.2526909,0.72227955,0.37943885,0.9173355,3.2314231,1.2568423,1.919492,0.67454004,2.8197405,1.0346341
