lambda_filter,lambda_anti_filter,lambda_ewc,plasticity,stability,p1,p2,p1_null,p2_null,p1_range,p2_range,p1_embedding,p2_embedding,p1_embedding_null,p2_embedding_null,p1_embedding_range,p2_embedding_range
1.0,1.0,30865.649433372746,0.6105739559761366,0.7641564506713369,0.072889075,0.16920921,0.041412205,0.099047735,0.058159813,0.146885,0.64940256,0.2742869,0.5293691,0.19733371,0.47760975,0.18791243
