lambda_filter,lambda_anti_filter,lambda_ewc,plasticity,stability,p1,p2,p1_null,p2_null,p1_range,p2_range,p1_embedding,p2_embedding,p1_embedding_null,p2_embedding_null,p1_embedding_range,p2_embedding_range
1.0,1.0,257.4713507469564,0.6953301789755194,0.6703638840241292,0.43477994,1.0050508,0.23680873,0.66724896,0.35396487,0.7997289,2.9268181,1.0839951,1.7061267,0.6093961,2.471151,0.86754155
