lambda_filter,lambda_anti_filter,lambda_ewc,plasticity,stability,p1,p2,p1_null,p2_null,p1_range,p2_range,p1_embedding,p2_embedding,p1_embedding_null,p2_embedding_null,p1_embedding_range,p2_embedding_range
1.0,1.0,6.778411071286488,0.7037646574778852,0.6306674450282156,0.4753006,1.1167362,0.25279826,0.72257876,0.3795702,0.918084,3.233558,1.2582308,1.92147,0.6751807,2.8224006,1.0358952
