lambda_filter,lambda_anti_filter,lambda_ewc,plasticity,stability,p1,p2,p1_null,p2_null,p1_range,p2_range,p1_embedding,p2_embedding,p1_embedding_null,p2_embedding_null,p1_embedding_range,p2_embedding_range
1.0,1.0,24.200049937640923,0.7023246245628472,0.6355322047090873,0.47216225,1.1067492,0.25120234,0.71811944,0.37762052,0.9070568,3.202583,1.2382014,1.8933752,0.6661189,2.784019,1.0175864
