lambda_filter,lambda_anti_filter,lambda_ewc,plasticity,stability,p1,p2,p1_null,p2_null,p1_range,p2_range,p1_embedding,p2_embedding,p1_embedding_null,p2_embedding_null,p1_embedding_range,p2_embedding_range
1.0,1.0,0.7589165903277328,0.7037646574778852,0.6287215411558669,0.47639543,1.1203039,0.25335872,0.72415113,0.3802482,0.92203844,3.2449236,1.2656269,1.9320889,0.6786275,2.8365989,1.0425891
