lambda_filter,lambda_anti_filter,lambda_ewc,plasticity,stability,p1,p2,p1_null,p2_null,p1_range,p2_range,p1_embedding,p2_embedding,p1_embedding_null,p2_embedding_null,p1_embedding_range,p2_embedding_range
1.0,1.0,0.259215613694151,0.7037646574778852,0.6287215411558669,0.47648615,1.120603,0.2534057,0.7242824,0.38030475,0.92237025,3.2458863,1.2662532,1.9329947,0.67892176,2.8378043,1.0431544
