lambda_filter,lambda_anti_filter,lambda_ewc,plasticity,stability,p1,p2,p1_null,p2_null,p1_range,p2_range,p1_embedding,p2_embedding,p1_embedding_null,p2_embedding_null,p1_embedding_range,p2_embedding_range
1.0,1.0,27.27817979625341,0.7025303435507098,0.6363105662580268,0.47161248,1.1050342,0.25092262,0.71734536,0.3772772,0.9051698,3.1973839,1.2348603,1.8887855,0.66464835,2.777613,1.0145051
