lambda_filter,lambda_anti_filter,lambda_ewc,plasticity,stability,p1,p2,p1_null,p2_null,p1_range,p2_range,p1_embedding,p2_embedding,p1_embedding_null,p2_embedding_null,p1_embedding_range,p2_embedding_range
1.0,1.0,0.49683929307725583,0.7037646574778852,0.6287215411558669,0.47644287,1.1204609,0.25338334,0.72422,0.38027775,0.9222126,3.2454314,1.2659564,1.9325653,0.6787822,2.8372335,1.0428866
