lambda_filter,lambda_anti_filter,lambda_ewc,plasticity,stability,p1,p2,p1_null,p2_null,p1_range,p2_range,p1_embedding,p2_embedding,p1_embedding_null,p2_embedding_null,p1_embedding_range,p2_embedding_range
1.0,1.0,826.7856966198473,0.6780497839950628,0.7061685152753454,0.3707376,0.8603695,0.22376211,0.57904,0.30910876,0.6667849,2.537003,0.9420853,1.5373136,0.5494434,2.0965374,0.7351014
