lambda_filter,lambda_anti_filter,lambda_ewc,plasticity,stability,p1,p2,p1_null,p2_null,p1_range,p2_range,p1_embedding,p2_embedding,p1_embedding_null,p2_embedding_null,p1_embedding_range,p2_embedding_range
1.0,1.0,3.962444877628916,0.7037646574778852,0.630083673866511,0.4758111,1.1183983,0.2530607,0.72331214,0.37988642,0.9199254,3.2388294,1.261659,1.9263765,0.67677236,2.8289745,1.039002
