lambda_filter,lambda_anti_filter,lambda_ewc,plasticity,stability,p1,p2,p1_null,p2_null,p1_range,p2_range,p1_embedding,p2_embedding,p1_embedding_null,p2_embedding_null,p1_embedding_range,p2_embedding_range
1.0,1.0,6291.146109610344,0.6360831104710964,0.7411947849776221,0.19190891,0.45868248,0.13414977,0.29388633,0.15742137,0.37540117,1.5258327,0.5932225,0.946919,0.32685876,1.273585,0.48136333
