lambda_filter,lambda_anti_filter,lambda_ewc,plasticity,stability,p1,p2,p1_null,p2_null,p1_range,p2_range,p1_embedding,p2_embedding,p1_embedding_null,p2_embedding_null,p1_embedding_range,p2_embedding_range
1.0,1.0,1.019785756819879,0.7037646574778852,0.6287215411558669,0.47634786,1.1201476,0.2533331,0.724082,0.3802192,0.9218655,3.244417,1.2652996,1.9316189,0.6784751,2.8359663,1.0422928
