lambda_filter,lambda_anti_filter,lambda_ewc,plasticity,stability,p1,p2,p1_null,p2_null,p1_range,p2_range,p1_embedding,p2_embedding,p1_embedding_null,p2_embedding_null,p1_embedding_range,p2_embedding_range
1.0,1.0,4059.7720257003652,0.644106150997737,0.735357073360576,0.24132653,0.5514745,0.16306545,0.3621072,0.19053578,0.44261795,1.7543707,0.67587525,1.0918779,0.3769765,1.4663051,0.54182744
