lambda_filter,lambda_anti_filter,lambda_ewc,plasticity,stability,p1,p2,p1_null,p2_null,p1_range,p2_range,p1_embedding,p2_embedding,p1_embedding_null,p2_embedding_null,p1_embedding_range,p2_embedding_range
1.0,1.0,11.052609368708426,0.70335321950216,0.63164039696439,0.47452503,1.1142406,0.2524048,0.7214732,0.3790895,0.9153222,3.2257097,1.2531317,1.9142243,0.6728355,2.8126328,1.0312592
