lambda_filter,lambda_anti_filter,lambda_ewc,plasticity,stability,p1,p2,p1_null,p2_null,p1_range,p2_range,p1_embedding,p2_embedding,p1_embedding_null,p2_embedding_null,p1_embedding_range,p2_embedding_range
1.0,1.0,0.09657929126780984,0.7037646574778852,0.6285269507686321,0.47651583,1.1207002,0.25342053,0.724325,0.38032323,0.92247826,3.2462046,1.266459,1.9332927,0.6790187,2.8382025,1.0433397
