lambda_filter,lambda_anti_filter,lambda_ewc,plasticity,stability,p1,p2,p1_null,p2_null,p1_range,p2_range,p1_embedding,p2_embedding,p1_embedding_null,p2_embedding_null,p1_embedding_range,p2_embedding_range
1.0,1.0,5231.614239486662,0.6393746142768978,0.7380813387818642,0.21291785,0.49754214,0.14695321,0.3224291,0.1718037,0.4040499,1.6237752,0.62871116,1.0087534,0.34769496,1.3574344,0.5078494
