lambda_filter,lambda_anti_filter,lambda_ewc,plasticity,stability,p1,p2,p1_null,p2_null,p1_range,p2_range,p1_embedding,p2_embedding,p1_embedding_null,p2_embedding_null,p1_embedding_range,p2_embedding_range
1.0,1.0,571.4766239702178,0.6848385105945278,0.6952714535901926,0.39409178,0.9150251,0.22937283,0.6140513,0.32748693,0.71419984,2.6887448,0.99206036,1.6023961,0.57471544,2.2333212,0.7784324
