lambda_filter,lambda_anti_filter,lambda_ewc,plasticity,stability,p1,p2,p1_null,p2_null,p1_range,p2_range,p1_embedding,p2_embedding,p1_embedding_null,p2_embedding_null,p1_embedding_range,p2_embedding_range
1.0,1.0,6007.675891719687,0.6364945484468216,0.7408056042031523,0.19716421,0.46835425,0.13742076,0.30097818,0.16106361,0.38259935,1.5506039,0.60219675,0.96245927,0.33201757,1.2949423,0.48815092
