lambda_filter,lambda_anti_filter,lambda_ewc,plasticity,stability,p1,p2,p1_null,p2_null,p1_range,p2_range,p1_embedding,p2_embedding,p1_embedding_null,p2_embedding_null,p1_embedding_range,p2_embedding_range
1.0,1.0,16.42774678408919,0.7027360625385723,0.6333917104495038,0.47355485,1.1111456,0.25191092,0.7200927,0.37848744,0.9119032,3.2160702,1.2468946,1.905442,0.67000216,2.8006835,1.0255657
