lambda_filter,lambda_anti_filter,lambda_ewc,plasticity,stability,p1,p2,p1_null,p2_null,p1_range,p2_range,p1_embedding,p2_embedding,p1_embedding_null,p2_embedding_null,p1_embedding_range,p2_embedding_range
1.0,1.0,245.82684522556926,0.6953301789755194,0.66919634170072,0.43646982,1.0091522,0.23710993,0.6695017,0.35504937,0.8038488,2.9373324,1.0888172,1.7114103,0.6109619,2.482315,0.87239546
