lambda_filter,lambda_anti_filter,lambda_ewc,plasticity,stability,p1,p2,p1_null,p2_null,p1_range,p2_range,p1_embedding,p2_embedding,p1_embedding_null,p2_embedding_null,p1_embedding_range,p2_embedding_range
1.0,1.0,23.911300260677884,0.7023246245628472,0.6355322047090873,0.47221375,1.1069108,0.2512291,0.71819293,0.37765247,0.90723467,3.2030714,1.2385169,1.8938076,0.66625774,2.784626,1.0178775
