lambda_filter,lambda_anti_filter,lambda_ewc,plasticity,stability,p1,p2,p1_null,p2_null,p1_range,p2_range,p1_embedding,p2_embedding,p1_embedding_null,p2_embedding_null,p1_embedding_range,p2_embedding_range
1.0,1.0,2.7202366814130676,0.7037646574778852,0.6296944930920413,0.47603804,1.1191357,0.25317776,0.72363734,0.38002738,0.9207425,3.2411792,1.2631881,1.9285711,0.677485,2.8319097,1.0403858
