lambda_filter,lambda_anti_filter,lambda_ewc,plasticity,stability,p1,p2,p1_null,p2_null,p1_range,p2_range,p1_embedding,p2_embedding,p1_embedding_null,p2_embedding_null,p1_embedding_range,p2_embedding_range
1.0,1.0,7.145371766280743,0.7037646574778852,0.6306674450282156,0.47523475,1.1165212,0.25276434,0.72248363,0.37952954,0.9178457,3.2328782,1.2577885,1.9208378,0.6749757,2.8215551,1.035494
