lambda_filter,lambda_anti_filter,lambda_ewc,plasticity,stability,p1,p2,p1_null,p2_null,p1_range,p2_range,p1_embedding,p2_embedding,p1_embedding_null,p2_embedding_null,p1_embedding_range,p2_embedding_range
1.0,1.0,0.3339056900390589,0.7037646574778852,0.6287215411558669,0.4764721,1.1205581,0.2533985,0.7242628,0.38029602,0.92232066,3.2457438,1.2661599,1.9328609,0.6788782,2.8376238,1.0430698
